,Suburb,School_Total,Crime Number,Buy Price 2017,Postcode,Hospital_Number
0,DANDENONG,9.0,6148.0,620000,3175.0,5.0
1,FRANKSTON,7.0,6018.0,600000,3199.0,7.0
2,MILDURA,10.0,4588.0,265000,3500.0,3.0
3,SHEPPARTON,14.0,4302.0,260000,3630.0,2.0
4,PRESTON,6.0,4124.0,990000,3072.0,1.0
5,RICHMOND,7.0,3510.0,1305000,3121.0,2.0
6,ST KILDA,4.0,3436.0,1535000,0.0,0.0
7,MORWELL,2.0,3427.0,170000,3840.0,1.0
8,RESERVOIR,6.0,3317.0,814000,3073.0,1.0
9,WERRIBEE,16.0,3218.0,478500,3030.0,4.0
10,ST ALBANS,13.0,3176.0,622000,3021.0,4.0
11,TRARALGON,8.0,3079.0,285000,3844.0,1.0
12,BROADMEADOWS,2.0,2950.0,545000,3047.0,1.0
13,CRAIGIEBURN,8.0,2909.0,510000,3064.0,1.0
14,WARRNAMBOOL,8.0,2853.0,330000,3280.0,3.0
15,RINGWOOD,7.0,2775.0,909000,3134.0,1.0
16,SUNSHINE,6.0,2760.0,763000,3020.0,1.0
17,EPPING,7.0,2644.0,565000,3076.0,2.0
18,GEELONG,8.0,2622.0,735000,3220.0,5.0
19,BRUNSWICK,2.0,2541.0,1204000,3056.0,1.0
20,PAKENHAM,6.0,2447.0,480000,0.0,0.0
21,BENDIGO,9.0,2428.0,397500,3550.0,3.0
22,HOPPERS CROSSING,6.0,2309.0,516000,0.0,0.0
23,CRANBOURNE,10.0,2302.0,510000,3977.0,1.0
24,FOOTSCRAY,4.0,2244.0,891000,3011.0,8.0
25,COBURG,6.0,2234.0,1000000,3058.0,2.0
26,NOBLE PARK,8.0,2222.0,690000,3174.0,3.0
27,WODONGA,8.0,2217.0,340500,3690.0,2.0
28,NARRE WARREN,8.0,2216.0,600000,3805.0,1.0
29,FITZROY,4.0,2137.0,1625000,3065.0,3.0
30,SUNBURY,10.0,2128.0,490000,3429.0,2.0
31,SOUTH YARRA,6.0,2058.0,1965000,0.0,0.0
32,COLLINGWOOD,1.0,2052.0,1210000,0.0,0.0
33,THOMASTOWN,5.0,1989.0,654000,0.0,0.0
34,MELTON,10.0,1981.0,368500,3337.0,1.0
35,BUNDOORA,7.0,1962.0,752500,3083.0,5.0
36,SPRINGVALE,4.0,1957.0,780000,3171.0,2.0
37,MOE,6.0,1937.0,175000,0.0,0.0
38,SOUTH MELBOURNE,3.0,1906.0,1532500,0.0,0.0
39,BERWICK,10.0,1905.0,672500,3806.0,7.0
40,PORT MELBOURNE,2.0,1865.0,1515000,0.0,0.0
41,CORIO,3.0,1861.0,305000,0.0,0.0
42,NORTHCOTE,6.0,1659.0,1327000,0.0,0.0
43,GLENROY,6.0,1653.0,740000,2640.0,1.0
44,BORONIA,4.0,1645.0,731500,3155.0,1.0
45,CHELTENHAM,5.0,1628.0,1171000,3192.0,1.0
46,CARLTON,2.0,1625.0,1477500,3053.0,2.0
47,ECHUCA,6.0,1588.0,320000,3564.0,1.0
48,MORNINGTON,7.0,1587.0,798000,3931.0,4.0
49,SEAFORD,9.0,1575.0,700000,0.0,0.0
50,SALE,8.0,1548.0,300000,3850.0,1.0
51,HEIDELBERG,4.0,1544.0,1275000,3084.0,3.0
52,POINT COOK,4.0,1516.0,605000,3030.0,4.0
53,MILL PARK,6.0,1512.0,668500,0.0,0.0
54,WANGARATTA,12.0,1473.0,275000,3677.0,2.0
55,MALVERN EAST,4.0,1457.0,1910000,3145.0,1.0
56,HORSHAM,6.0,1439.0,264000,3400.0,1.0
57,GLEN WAVERLEY,12.0,1387.0,1335000,3150.0,2.0
58,CARRUM DOWNS,4.0,1379.0,532000,0.0,0.0
59,ROSEBUD,3.0,1345.0,530000,0.0,0.0
60,FERNTREE GULLY,8.0,1340.0,749000,3156.0,1.0
61,TARNEIT,3.0,1323.0,520000,0.0,0.0
62,ROWVILLE,6.0,1298.0,865000,0.0,0.0
63,THORNBURY,6.0,1295.0,1211000,0.0,0.0
64,MARIBYRNONG,2.0,1292.0,1027500,3032.0,1.0
65,CROYDON,5.0,1287.0,791000,3136.0,1.0
66,SWAN HILL,7.0,1287.0,251000,3585.0,1.0
67,BAIRNSDALE,8.0,1273.0,270000,3875.0,1.0
68,CLAYTON,2.0,1249.0,1277500,3168.0,6.0
69,KEYSBOROUGH,5.0,1235.0,760000,0.0,0.0
70,DEER PARK,3.0,1233.0,550500,0.0,0.0
71,WARRAGUL,8.0,1222.0,370000,3820.0,1.0
72,BOX HILL,3.0,1211.0,1760000,3128.0,3.0
73,TAYLORS LAKES,2.0,1209.0,718000,0.0,0.0
74,NORTH MELBOURNE,5.0,1194.0,1406000,3051.0,1.0
75,MELTON SOUTH,5.0,1160.0,378000,0.0,0.0
76,WENDOUREE,3.0,1160.0,265000,3355.0,1.0
77,HAMPTON PARK,6.0,1159.0,505000,3976.0,1.0
78,ABBOTSFORD,3.0,1154.0,1290000,0.0,0.0
79,WANTIRNA SOUTH,6.0,1153.0,1005000,3152.0,2.0
80,MOUNT WAVERLEY,7.0,1128.0,1408000,3149.0,2.0
81,LILYDALE,7.0,1114.0,720000,3140.0,1.0
82,ESSENDON,7.0,1112.0,1401000,3040.0,1.0
83,CAMPBELLFIELD,2.0,1111.0,501000,0.0,0.0
84,MOONEE PONDS,2.0,1103.0,1310000,3039.0,1.0
85,DONCASTER,3.0,1085.0,1386500,0.0,0.0
86,HAWTHORN,8.0,1070.0,2470000,3122.0,2.0
87,BRAYBROOK,3.0,1060.0,730000,0.0,0.0
88,HASTINGS,4.0,1057.0,506500,0.0,0.0
89,LALOR,6.0,1046.0,630000,0.0,0.0
90,ASCOT VALE,3.0,1046.0,1192500,3032.0,1.0
91,MULGRAVE,4.0,1045.0,900000,3170.0,1.0
92,MOORABBIN,7.0,1033.0,1151500,3189.0,1.0
93,KEW,11.0,1027.0,2300000,3101.0,5.0
94,NARRE WARREN SOUTH,3.0,1013.0,621000,3805.0,1.0
95,SOUTH MORANG,2.0,1006.0,615000,0.0,0.0
96,GREENSBOROUGH,7.0,989.0,830000,3088.0,1.0
97,DOVETON,2.0,982.0,490000,0.0,0.0
98,FLEMINGTON,5.0,979.0,1100000,0.0,0.0
99,HAMILTON,9.0,971.0,190000,3300.0,1.0
100,ENDEAVOUR HILLS,8.0,958.0,630000,0.0,0.0
101,FAWKNER,4.0,956.0,704500,0.0,0.0
102,ROXBURGH PARK,2.0,952.0,515000,3064.0,1.0
103,DANDENONG NORTH,4.0,949.0,630000,3175.0,5.0
104,CRANBOURNE NORTH,1.0,942.0,545000,3977.0,1.0
105,SEYMOUR,1.0,936.0,277000,3660.0,1.0
106,TULLAMARINE,1.0,933.0,655000,0.0,0.0
107,BRIGHTON,8.0,930.0,2830000,3186.0,4.0
108,SEBASTOPOL,3.0,924.0,257000,0.0,0.0
109,LANGWARRIN,5.0,910.0,599500,3910.0,1.0
110,BAYSWATER,7.0,910.0,805500,3153.0,1.0
111,OAKLEIGH,4.0,906.0,1210000,0.0,0.0
112,MEADOW HEIGHTS,2.0,896.0,451000,0.0,0.0
113,FITZROY NORTH,4.0,891.0,1490000,0.0,0.0
114,MOOROOPNA,5.0,876.0,225000,0.0,0.0
115,MERNDA,2.0,875.0,526500,0.0,0.0
116,HEIDELBERG WEST,1.0,861.0,730000,3081.0,2.0
117,AIRPORT WEST,1.0,859.0,843500,0.0,0.0
118,COLAC,7.0,847.0,282000,3250.0,1.0
119,ALTONA NORTH,6.0,845.0,825000,0.0,0.0
120,KANGAROO FLAT,4.0,837.0,310000,3555.0,1.0
121,CAMBERWELL,3.0,836.0,2295000,3124.0,1.0
122,BENTLEIGH EAST,5.0,831.0,1260000,3165.0,1.0
123,BRUNSWICK EAST,3.0,827.0,1165000,0.0,0.0
124,SUNSHINE WEST,4.0,825.0,640000,3020.0,1.0
125,IVANHOE,4.0,825.0,1512500,3079.0,2.0
126,PASCOE VALE,4.0,821.0,881000,3044.0,1.0
127,WILLIAMSTOWN,4.0,816.0,1476000,3016.0,1.0
128,BELMONT,10.0,809.0,495000,3216.0,1.0
129,LARA,3.0,802.0,430000,0.0,0.0
130,ARARAT,6.0,798.0,200000,3377.0,1.0
131,HALLAM,1.0,797.0,580000,0.0,0.0
132,PARKVILLE,1.0,796.0,2765500,3052.0,6.0
133,CHADSTONE,2.0,787.0,1131000,0.0,0.0
134,BENALLA,4.0,786.0,250000,3672.0,1.0
135,WEST MELBOURNE,1.0,774.0,1370000,0.0,0.0
136,HIGHETT,1.0,764.0,1312500,0.0,0.0
137,MOOROOLBARK,9.0,762.0,729000,0.0,0.0
138,KENSINGTON,2.0,753.0,1023000,0.0,0.0
139,PORTLAND,7.0,752.0,230000,3305.0,1.0
140,DROUIN,6.0,752.0,390000,0.0,0.0
141,MARYBOROUGH,2.0,751.0,194500,3465.0,1.0
142,CAROLINE SPRINGS,4.0,751.0,610000,0.0,0.0
143,WALLAN,1.0,749.0,425000,0.0,0.0
144,ELWOOD,4.0,733.0,1877500,3184.0,1.0
145,MELTON WEST,2.0,715.0,408500,3337.0,1.0
146,BACCHUS MARSH,4.0,707.0,415500,3340.0,1.0
147,YARRAVILLE,4.0,701.0,1000000,0.0,0.0
148,BURWOOD,4.0,701.0,1370000,0.0,0.0
149,WINDSOR,2.0,701.0,1425000,3181.0,4.0
150,SUNSHINE NORTH,4.0,698.0,657500,3020.0,1.0
151,BRUNSWICK WEST,4.0,695.0,1180000,0.0,0.0
152,ALTONA MEADOWS,2.0,691.0,622500,0.0,0.0
153,DONCASTER EAST,7.0,685.0,1360000,3109.0,1.0
154,DOREEN,3.0,674.0,552500,0.0,0.0
155,GLEN IRIS,6.0,665.0,2030000,3146.0,2.0
156,FRANKSTON NORTH,1.0,665.0,470000,0.0,0.0
157,TOORAK,4.0,660.0,5050000,3142.0,1.0
158,GROVEDALE,5.0,656.0,432000,3216.0,1.0
159,CLIFTON HILL,3.0,653.0,1390000,0.0,0.0
160,CLYDE NORTH,1.0,650.0,565000,0.0,0.0
161,MENTONE,8.0,650.0,1090000,0.0,0.0
162,MORDIALLOC,3.0,649.0,1150000,3195.0,1.0
163,NEWCOMB,3.0,648.0,371000,3219.0,1.0
164,LAVERTON,1.0,644.0,535000,0.0,0.0
165,CLAYTON SOUTH,4.0,642.0,861500,0.0,0.0
166,MALVERN,4.0,641.0,2657500,3144.0,5.0
167,OFFICER,3.0,639.0,512500,0.0,0.0
168,BENTLEIGH,4.0,630.0,1450000,3204.0,2.0
169,CRANBOURNE EAST,2.0,628.0,540000,3977.0,1.0
170,ELTHAM,6.0,615.0,928500,0.0,0.0
171,ALBERT PARK,1.0,605.0,2150000,0.0,0.0
172,MITCHAM,5.0,599.0,1068500,3132.0,2.0
173,ALTONA,3.0,595.0,950000,3018.0,1.0
174,WONTHAGGI,4.0,591.0,289000,3995.0,1.0
175,LAKES ENTRANCE,4.0,586.0,281500,0.0,0.0
176,GEELONG WEST,2.0,574.0,650000,0.0,0.0
177,KEILOR DOWNS,2.0,565.0,667500,0.0,0.0
178,CARNEGIE,1.0,563.0,1502500,0.0,0.0
179,NEWPORT,3.0,554.0,1072500,0.0,0.0
180,CAULFIELD NORTH,2.0,547.0,2260000,3161.0,2.0
181,NEWBOROUGH,3.0,535.0,220000,0.0,0.0
182,COBRAM,5.0,533.0,257500,3644.0,1.0
183,ST KILDA EAST,4.0,527.0,1460000,3183.0,2.0
184,KEILOR EAST,2.0,523.0,847000,0.0,0.0
185,GOLDEN SQUARE,1.0,514.0,320000,3555.0,1.0
186,KILMORE,5.0,510.0,385000,3764.0,1.0
187,NUNAWADING,2.0,510.0,1090000,3131.0,2.0
188,RYE,3.0,507.0,659000,0.0,0.0
189,GREENVALE,3.0,502.0,650000,0.0,0.0
190,HAMPTON,1.0,502.0,2017500,3188.0,1.0
191,WHEELERS HILL,6.0,496.0,1160000,3150.0,2.0
192,CHELSEA,2.0,487.0,930000,3196.0,1.0
193,ELSTERNWICK,5.0,485.0,2000000,3185.0,2.0
194,CHURCHILL,3.0,483.0,175000,0.0,0.0
195,WANTIRNA,4.0,482.0,950000,3152.0,2.0
196,KYABRAM,2.0,482.0,239500,3620.0,1.0
197,ARMADALE,2.0,480.0,2107500,0.0,0.0
198,BALWYN NORTH,7.0,479.0,1950000,0.0,0.0
199,SOMERVILLE,3.0,474.0,580000,0.0,0.0
200,SANDRINGHAM,4.0,473.0,1850000,3191.0,2.0
201,KILSYTH,4.0,473.0,710000,0.0,0.0
202,HADFIELD,1.0,471.0,745000,0.0,0.0
203,DROMANA,3.0,470.0,687500,0.0,0.0
204,BLACKBURN,4.0,469.0,1410000,3130.0,1.0
205,SPRINGVALE SOUTH,2.0,467.0,730000,0.0,0.0
206,CARLTON NORTH,2.0,456.0,1628000,0.0,0.0
207,DERRIMUT,1.0,450.0,635000,3030.0,4.0
208,STAWELL,5.0,446.0,186500,3380.0,1.0
209,SCORESBY,3.0,445.0,881500,0.0,0.0
210,WATSONIA,3.0,443.0,835000,0.0,0.0
211,FAIRFIELD,1.0,440.0,1461000,3078.0,1.0
212,GLADSTONE PARK,4.0,438.0,638000,0.0,0.0
213,HAWTHORN EAST,4.0,428.0,2360000,3123.0,1.0
214,EAGLEHAWK,4.0,428.0,293500,0.0,0.0
215,CASTLEMAINE,6.0,427.0,435000,3450.0,1.0
216,DIAMOND CREEK,5.0,423.0,755000,0.0,0.0
217,ALBION,2.0,421.0,717000,3020.0,1.0
218,FOREST HILL,1.0,417.0,1060000,3131.0,2.0
219,BALWYN,5.0,417.0,2360000,0.0,0.0
220,MOUNT ELIZA,5.0,415.0,1128000,0.0,0.0
221,BURWOOD EAST,2.0,414.0,1115000,0.0,0.0
222,DELACOMBE,1.0,411.0,325000,0.0,0.0
223,PARKDALE,1.0,411.0,1300000,3195.0,1.0
224,SYDENHAM,3.0,407.0,590000,3037.0,1.0
225,RINGWOOD EAST,2.0,407.0,910000,3135.0,3.0
226,HIGHTON,4.0,405.0,622000,3216.0,1.0
227,ASHWOOD,4.0,402.0,1410000,3147.0,1.0
228,BRIGHTON EAST,4.0,384.0,1880000,0.0,0.0
229,VERMONT SOUTH,4.0,384.0,1200500,3133.0,1.0
230,PATTERSON LAKES,1.0,376.0,925000,0.0,0.0
231,WHITTINGTON,2.0,374.0,316500,3219.0,1.0
232,MACLEOD,1.0,372.0,943500,0.0,0.0
233,ARDEER,2.0,371.0,600000,0.0,0.0
234,TORQUAY,2.0,370.0,730000,0.0,0.0
235,KYNETON,4.0,368.0,495000,3444.0,1.0
236,DALLAS,6.0,365.0,430000,3047.0,1.0
237,MOUNT MARTHA,2.0,365.0,1050000,0.0,0.0
238,TEMPLESTOWE,4.0,359.0,1415000,0.0,0.0
239,KINGS PARK,1.0,357.0,532500,3021.0,4.0
240,TEMPLESTOWE LOWER,2.0,356.0,1301000,3107.0,1.0
241,BULLEEN,4.0,356.0,1300000,0.0,0.0
242,FRANKSTON SOUTH,4.0,354.0,811000,3199.0,7.0
243,ASHBURTON,3.0,354.0,1815000,3147.0,1.0
244,MICKLEHAM,1.0,352.0,503000,3064.0,1.0
245,BOX HILL NORTH,1.0,351.0,1339500,0.0,0.0
246,CAULFIELD SOUTH,5.0,347.0,1681500,3162.0,4.0
247,KNOXFIELD,2.0,344.0,852500,0.0,0.0
248,OAKLEIGH SOUTH,3.0,342.0,1035000,0.0,0.0
249,CALIFORNIA GULLY,1.0,341.0,252500,0.0,0.0
250,WHITTLESEA,3.0,336.0,469500,0.0,0.0
251,CAIRNLEA,1.0,334.0,710000,0.0,0.0
252,OCEAN GROVE,3.0,331.0,630000,0.0,0.0
253,KERANG,4.0,329.0,160000,3579.0,1.0
254,LEOPOLD,1.0,326.0,445000,0.0,0.0
255,YARRAWONGA,2.0,324.0,324500,3730.0,1.0
256,BLACKBURN SOUTH,2.0,323.0,1188000,3130.0,1.0
257,BALLARAT EAST,1.0,320.0,309500,3350.0,4.0
258,CAULFIELD,2.0,316.0,1859000,3162.0,4.0
259,DINGLEY VILLAGE,2.0,314.0,884000,0.0,0.0
260,AVONDALE HEIGHTS,2.0,313.0,850000,0.0,0.0
261,HEATHMONT,3.0,311.0,925000,3135.0,3.0
262,SURREY HILLS,4.0,311.0,2160000,0.0,0.0
263,ALFREDTON,2.0,310.0,410000,3350.0,4.0
264,LYNBROOK,2.0,309.0,600000,0.0,0.0
265,MOUNT EVELYN,3.0,309.0,640000,0.0,0.0
266,GISBORNE,4.0,303.0,655000,0.0,0.0
267,DELAHEY,2.0,299.0,542500,3037.0,1.0
268,BROADFORD,2.0,298.0,330000,0.0,0.0
269,COWES,2.0,297.0,435000,0.0,0.0
270,ROSANNA,5.0,285.0,1172500,3084.0,3.0
271,TAYLORS HILL,1.0,285.0,686000,3037.0,1.0
272,BOX HILL SOUTH,1.0,281.0,1404000,3128.0,3.0
273,BEACONSFIELD,2.0,278.0,700000,0.0,0.0
274,HEALESVILLE,5.0,278.0,545000,3777.0,1.0
275,STRATHMORE,4.0,273.0,1240000,0.0,0.0
276,KORUMBURRA,3.0,273.0,291000,3950.0,1.0
277,KIALLA,1.0,271.0,390000,0.0,0.0
278,REDAN,1.0,269.0,285000,3350.0,4.0
279,ROBINVALE,2.0,267.0,200000,3549.0,1.0
280,MURRUMBEENA,2.0,266.0,1420000,0.0,0.0
281,KEILOR,3.0,262.0,815000,3036.0,1.0
282,BEAUMARIS,2.0,261.0,1600000,0.0,0.0
283,DONVALE,4.0,257.0,1200000,0.0,0.0
284,ALBANVALE,1.0,256.0,526500,3021.0,4.0
285,CAPEL SOUND,1.0,253.0,546000,0.0,0.0
286,ASPENDALE,2.0,253.0,1122500,3195.0,1.0
287,KEALBA,1.0,253.0,595000,3021.0,4.0
288,TRAFALGAR,3.0,252.0,335000,0.0,0.0
289,LEONGATHA,5.0,252.0,320000,3953.0,1.0
290,KINGSBURY,2.0,241.0,740000,3083.0,5.0
291,NUMURKAH,3.0,238.0,219000,3636.0,1.0
292,NIDDRIE,5.0,235.0,1057500,0.0,0.0
293,RED CLIFFS,4.0,234.0,225000,0.0,0.0
294,HUGHESDALE,1.0,233.0,1462500,0.0,0.0
295,NOBLE PARK NORTH,2.0,233.0,640000,3174.0,3.0
296,UPWEY,3.0,230.0,680000,0.0,0.0
297,KENNINGTON,1.0,229.0,371000,3550.0,3.0
298,IRYMPLE,5.0,228.0,288000,0.0,0.0
299,SPOTSWOOD,1.0,225.0,1040000,0.0,0.0
300,BAXTER,1.0,224.0,530000,0.0,0.0
301,MIDDLE PARK,1.0,224.0,2350000,0.0,0.0
302,DIGGERS REST,1.0,224.0,440500,0.0,0.0
303,OAKLEIGH EAST,2.0,223.0,1195000,0.0,0.0
304,EPSOM,1.0,223.0,352000,0.0,0.0
305,TATURA,3.0,223.0,257000,3616.0,1.0
306,MAFFRA,3.0,223.0,251500,3860.0,1.0
307,ALPHINGTON,3.0,219.0,1778500,3078.0,1.0
308,VERMONT,4.0,218.0,1050000,3133.0,1.0
309,BELGRAVE,2.0,218.0,620000,0.0,0.0
310,WOODEND,3.0,216.0,570000,0.0,0.0
311,BONBEACH,1.0,215.0,882500,3196.0,1.0
312,GLEN HUNTLY,2.0,215.0,1415000,0.0,0.0
313,HAMLYN HEIGHTS,2.0,215.0,500000,3215.0,1.0
314,EDITHVALE,1.0,214.0,1058500,3196.0,1.0
315,CAULFIELD EAST,1.0,213.0,1500000,3145.0,1.0
316,CLYDE,2.0,210.0,476000,0.0,0.0
317,NARRE WARREN NORTH,3.0,209.0,1115000,0.0,0.0
318,ORMOND,4.0,206.0,1604500,3204.0,2.0
319,STRATHDALE,3.0,204.0,380000,3550.0,3.0
320,OAK PARK,1.0,196.0,876500,0.0,0.0
321,BLACKBURN NORTH,2.0,194.0,1140000,3130.0,1.0
322,MANSFIELD,5.0,194.0,385000,3722.0,1.0
323,BALLAN,2.0,194.0,414000,3342.0,1.0
324,LONGWARRY,1.0,190.0,378000,0.0,0.0
325,ORBOST,4.0,188.0,159000,3888.0,1.0
326,CHELSEA HEIGHTS,1.0,188.0,750000,3196.0,1.0
327,UPPER FERNTREE GULLY,1.0,188.0,685000,3156.0,1.0
328,KEW EAST,2.0,187.0,1876000,3102.0,1.0
329,ROCHESTER,3.0,187.0,242500,3561.0,1.0
330,MERBEIN,1.0,186.0,175000,0.0,0.0
331,DAYLESFORD,4.0,183.0,501000,3460.0,1.0
332,MONTMORENCY,4.0,181.0,881000,0.0,0.0
333,CRESWICK,3.0,179.0,311500,3363.0,1.0
334,WHITE HILLS,2.0,179.0,300000,3550.0,3.0
335,MONTROSE,2.0,178.0,700500,0.0,0.0
336,BLACK ROCK,2.0,176.0,2000000,0.0,0.0
337,CANTERBURY,5.0,175.0,3051000,3126.0,2.0
338,CLARINDA,2.0,173.0,866000,0.0,0.0
339,TERANG,2.0,170.0,188500,3264.0,1.0
340,MCKINNON,1.0,167.0,1725000,3204.0,2.0
341,MYRTLEFORD,2.0,166.0,265000,3737.0,1.0
342,ROMSEY,2.0,165.0,474000,0.0,0.0
343,WARRACKNABEAL,4.0,164.0,113000,3393.0,1.0
344,ST LEONARDS,1.0,163.0,469000,0.0,0.0
345,LYSTERFIELD,1.0,162.0,985000,3156.0,1.0
346,DRYSDALE,5.0,162.0,435000,0.0,0.0
347,KINGSVILLE,2.0,160.0,1020000,0.0,0.0
348,ST ARNAUD,2.0,159.0,146000,3478.0,1.0
349,YARRAM,3.0,157.0,225000,3971.0,1.0
350,INVERLOCH,2.0,157.0,489000,0.0,0.0
351,RINGWOOD NORTH,3.0,152.0,960000,3134.0,1.0
352,THE BASIN,2.0,150.0,628000,0.0,0.0
353,EUROA,3.0,149.0,239000,3666.0,1.0
354,PORTARLINGTON,1.0,144.0,515000,0.0,0.0
355,KOO WEE RUP,3.0,141.0,450000,3981.0,1.0
356,EMERALD,2.0,138.0,655000,0.0,0.0
357,HEATHCOTE,2.0,138.0,275000,3523.0,1.0
358,MONT ALBERT,1.0,136.0,2100000,0.0,0.0
359,BUNINYONG,2.0,134.0,467500,0.0,0.0
360,QUARRY HILL,1.0,130.0,360000,3550.0,3.0
361,BEVERIDGE,1.0,130.0,496000,0.0,0.0
362,MOUNT CLEAR,3.0,130.0,345000,3350.0,4.0
363,BALLARAT NORTH,2.0,130.0,346500,3350.0,4.0
364,CRIB POINT,3.0,130.0,502500,0.0,0.0
365,YARRAGON,1.0,128.0,280000,0.0,0.0
366,WARRANDYTE,2.0,128.0,1029000,0.0,0.0
367,CAMPERDOWN,3.0,128.0,240000,3260.0,1.0
368,SEABROOK,1.0,127.0,634000,0.0,0.0
369,LOVELY BANKS,1.0,126.0,460000,0.0,0.0
370,TRAVANCORE,1.0,122.0,1415000,3032.0,1.0
371,PEARCEDALE,1.0,122.0,605000,0.0,0.0
372,ALEXANDRA,3.0,122.0,288000,3714.0,1.0
373,YALLOURN NORTH,1.0,121.0,180000,0.0,0.0
374,BARWON HEADS,1.0,120.0,930500,0.0,0.0
375,VIEWBANK,1.0,120.0,996500,3084.0,3.0
376,BITTERN,1.0,119.0,527500,0.0,0.0
377,APOLLO BAY,1.0,118.0,543500,3233.0,1.0
378,NAGAMBIE,2.0,118.0,335000,3608.0,1.0
379,BANNOCKBURN,2.0,117.0,430000,0.0,0.0
380,HERNE HILL,1.0,116.0,490000,0.0,0.0
381,ASPENDALE GARDENS,1.0,115.0,877500,3195.0,1.0
382,WINCHELSEA,1.0,115.0,357000,3241.0,1.0
383,SORRENTO,2.0,115.0,1300000,0.0,0.0
384,LANCEFIELD,2.0,114.0,415000,0.0,0.0
385,MAIDEN GULLY,2.0,113.0,472000,0.0,0.0
386,TYABB,3.0,112.0,510500,0.0,0.0
387,PAYNESVILLE,1.0,112.0,343500,0.0,0.0
388,WARBURTON,2.0,110.0,415000,0.0,0.0
389,LOWER PLENTY,1.0,109.0,964000,0.0,0.0
390,HEYFIELD,2.0,108.0,178500,3858.0,1.0
391,HURSTBRIDGE,2.0,108.0,714000,0.0,0.0
392,ROSEDALE,1.0,107.0,255000,0.0,0.0
393,TONGALA,2.0,105.0,200000,0.0,0.0
394,LAKE WENDOUREE,1.0,103.0,790000,3350.0,4.0
395,PRINCES HILL,1.0,103.0,1800000,0.0,0.0
396,YALLAMBIE,1.0,102.0,781000,0.0,0.0
397,PORT FAIRY,2.0,101.0,497500,3284.0,1.0
398,NATHALIA,4.0,101.0,227000,3638.0,1.0
399,IVANHOE EAST,1.0,100.0,1934000,3079.0,2.0
400,ELTHAM NORTH,4.0,99.0,900000,0.0,0.0
401,MOUNT DUNEED,1.0,98.0,500000,3216.0,1.0
402,NHILL,3.0,95.0,126500,3418.0,1.0
403,TOORADIN,1.0,95.0,617000,0.0,0.0
404,COHUNA,3.0,94.0,180000,3568.0,1.0
405,BRIGHT,2.0,94.0,492500,3741.0,1.0
406,MIRBOO NORTH,2.0,92.0,261000,0.0,0.0
407,DIMBOOLA,3.0,92.0,111000,3414.0,1.0
408,MONT ALBERT NORTH,1.0,91.0,1555000,0.0,0.0
409,HUNTLY,1.0,91.0,335000,0.0,0.0
410,LANG LANG,1.0,89.0,390000,0.0,0.0
411,YARRA JUNCTION,4.0,89.0,515000,0.0,0.0
412,BEECHWORTH,3.0,89.0,397000,3747.0,1.0
413,BRIAR HILL,2.0,88.0,831500,3088.0,1.0
414,MANIFOLD HEIGHTS,2.0,87.0,727500,0.0,0.0
415,WILLIAMSTOWN NORTH,1.0,87.0,1175000,3016.0,1.0
416,RUSHWORTH,2.0,87.0,192500,3612.0,1.0
417,STRATHFIELDSAYE,2.0,87.0,455000,0.0,0.0
418,TECOMA,1.0,87.0,712500,0.0,0.0
419,OUYEN,1.0,87.0,130000,3490.0,1.0
420,BUNYIP,2.0,86.0,440000,0.0,0.0
421,COLDSTREAM,1.0,85.0,595000,0.0,0.0
422,MACEDON,1.0,84.0,696000,0.0,0.0
423,SOLDIERS HILL,1.0,83.0,422000,3350.0,4.0
424,ANGLESEA,1.0,83.0,790000,0.0,0.0
425,RIDDELLS CREEK,1.0,83.0,577500,0.0,0.0
426,WEDDERBURN,1.0,81.0,155000,0.0,0.0
427,MONBULK,4.0,81.0,608000,0.0,0.0
428,NAR NAR GOON,2.0,80.0,470000,0.0,0.0
429,WATSONIA NORTH,1.0,79.0,790000,0.0,0.0
430,ABERFELDIE,2.0,78.0,1407500,3040.0,1.0
431,STRATFORD,2.0,78.0,265000,0.0,0.0
432,YEA,3.0,77.0,386500,3717.0,1.0
433,HEYWOOD,2.0,76.0,164000,3304.0,1.0
434,AVOCA,1.0,72.0,212500,0.0,0.0
435,LOCH SPORT,1.0,71.0,181000,0.0,0.0
436,RESEARCH,1.0,70.0,950000,0.0,0.0
437,MINERS REST,1.0,68.0,370000,0.0,0.0
438,POINT LONSDALE,1.0,68.0,803000,0.0,0.0
439,WANDIN NORTH,2.0,67.0,670000,0.0,0.0
440,CASTERTON,3.0,67.0,142000,3311.0,1.0
441,KINGLAKE,1.0,66.0,460500,0.0,0.0
442,GLENROWAN,1.0,66.0,292500,0.0,0.0
443,CLUNES,1.0,65.0,230500,0.0,0.0
444,MURCHISON,1.0,65.0,254500,0.0,0.0
445,STRATHMERTON,1.0,65.0,140000,0.0,0.0
446,RUTHERGLEN,3.0,64.0,262000,0.0,0.0
447,BEAUFORT,1.0,64.0,220000,3373.0,1.0
448,FOSTER,2.0,62.0,320000,3960.0,1.0
449,NEW GISBORNE,2.0,62.0,626500,0.0,0.0
450,GARFIELD,1.0,60.0,377500,0.0,0.0
451,WONGA PARK,2.0,59.0,965000,0.0,0.0
452,WOORI YALLOCK,1.0,57.0,480000,0.0,0.0
453,CROYDON HILLS,3.0,54.0,870000,3136.0,1.0
454,ST HELENA,1.0,54.0,893500,0.0,0.0
455,NICHOLS POINT,1.0,54.0,346000,0.0,0.0
456,QUEENSCLIFF,2.0,53.0,763000,0.0,0.0
457,KOROIT,2.0,52.0,325000,0.0,0.0
458,KANIVA,1.0,51.0,155000,3419.0,1.0
459,INGLEWOOD,2.0,50.0,182500,3517.0,1.0
460,SEVILLE,1.0,49.0,610000,0.0,0.0
461,PARK ORCHARDS,2.0,49.0,1437500,0.0,0.0
462,CHARLTON,2.0,48.0,136000,3525.0,1.0
463,BALNARRING,1.0,48.0,815000,0.0,0.0
464,STANHOPE,1.0,46.0,181000,0.0,0.0
465,CORRYONG,2.0,46.0,184000,3707.0,1.0
466,ELMORE,2.0,45.0,162000,0.0,0.0
467,MALLACOOTA,1.0,45.0,340000,0.0,0.0
468,EILDON,1.0,44.0,227500,0.0,0.0
469,MORTLAKE,2.0,43.0,175000,0.0,0.0
470,SOMERS,2.0,43.0,820000,0.0,0.0
471,DUNOLLY,1.0,43.0,179000,3472.0,1.0
472,DARNUM,1.0,43.0,300500,0.0,0.0
473,NEERIM SOUTH,2.0,42.0,314000,3831.0,1.0
474,KALORAMA,1.0,42.0,670000,0.0,0.0
475,BEACONSFIELD UPPER,1.0,42.0,693000,0.0,0.0
476,CARISBROOK,1.0,42.0,240000,0.0,0.0
477,WEST WODONGA,2.0,42.0,323000,3690.0,2.0
478,COLERAINE,1.0,42.0,134000,3315.0,1.0
479,CAMPBELLS CREEK,2.0,41.0,380000,0.0,0.0
480,NYAH WEST,1.0,41.0,133500,0.0,0.0
481,COBDEN,3.0,41.0,257500,0.0,0.0
482,METUNG,1.0,41.0,347500,0.0,0.0
483,MALMSBURY,1.0,40.0,445000,0.0,0.0
484,MURTOA,2.0,39.0,115000,0.0,0.0
485,CHILTERN,2.0,38.0,238500,0.0,0.0
486,WARRANWOOD,1.0,38.0,943500,3134.0,1.0
487,TIMBOON,1.0,38.0,225000,3268.0,1.0
488,HALLS GAP,1.0,37.0,270000,0.0,0.0
489,BELGRAVE SOUTH,1.0,37.0,689000,0.0,0.0
490,SHEPPARTON NORTH,1.0,37.0,337500,0.0,0.0
491,FLOWERDALE,1.0,37.0,310000,3717.0,1.0
492,EAGLE POINT,1.0,36.0,252500,0.0,0.0
493,MARYSVILLE,1.0,36.0,381500,0.0,0.0
494,TRENTHAM,1.0,36.0,470000,0.0,0.0
495,MOUNT MACEDON,1.0,36.0,715000,0.0,0.0
496,LAKE GARDENS,1.0,35.0,461500,3355.0,1.0
497,AVENEL,1.0,33.0,340000,0.0,0.0
498,BOOLARRA,1.0,33.0,252500,0.0,0.0
499,PYRAMID HILL,2.0,32.0,112500,0.0,0.0
500,DALYSTON,1.0,31.0,273500,0.0,0.0
501,NYORA,1.0,31.0,260000,0.0,0.0
502,GLENGARRY,1.0,31.0,310000,0.0,0.0
503,TALLANGATTA,3.0,31.0,275000,3700.0,1.0
504,MALDON,1.0,31.0,425000,3463.0,1.0
505,NEWHAVEN,1.0,30.0,447500,0.0,0.0
506,MARONG,1.0,30.0,348000,0.0,0.0
507,WYCHEPROOF,1.0,29.0,100000,3527.0,1.0
508,TOORA,1.0,28.0,190000,0.0,0.0
509,RED HILL,1.0,28.0,790000,0.0,0.0
510,BARNAWARTHA,1.0,28.0,312000,0.0,0.0
511,JEPARIT,1.0,28.0,65000,3423.0,1.0
512,DONALD,3.0,28.0,118500,3480.0,1.0
513,NEWSTEAD,1.0,28.0,420000,0.0,0.0
514,MOUNT BEAUTY,2.0,27.0,258000,3699.0,1.0
515,PENSHURST,2.0,27.0,125000,3289.0,1.0
516,DEEPDENE,2.0,27.0,2862500,0.0,0.0
517,BIRCHIP,1.0,26.0,100000,3483.0,1.0
518,HARCOURT,1.0,25.0,385000,0.0,0.0
519,LAKE BOGA,1.0,25.0,182500,0.0,0.0
520,KOONDROOK,1.0,25.0,245000,0.0,0.0
521,POREPUNKAH,1.0,24.0,436000,0.0,0.0
522,DUNKELD,1.0,24.0,210000,0.0,0.0
523,SEASPRAY,1.0,24.0,215000,0.0,0.0
524,MINYIP,1.0,23.0,94000,0.0,0.0
525,YINNAR,1.0,23.0,270000,0.0,0.0
526,HOPETOUN,1.0,23.0,88000,3396.0,1.0
527,CORINELLA,1.0,23.0,398000,0.0,0.0
528,TOONGABBIE,1.0,23.0,286500,0.0,0.0
529,INVERLEIGH,1.0,21.0,472500,0.0,0.0
530,YACKANDANDAH,1.0,21.0,445500,0.0,0.0
531,SASSAFRAS,1.0,21.0,775000,0.0,0.0
532,VIOLET TOWN,1.0,21.0,217000,0.0,0.0
533,BELGRAVE HEIGHTS,1.0,20.0,687500,0.0,0.0
534,GORDON,2.0,20.0,416500,0.0,0.0
535,BIRREGURRA,1.0,20.0,382500,0.0,0.0
536,BARANDUDA,2.0,19.0,350000,0.0,0.0
537,MEENIYAN,1.0,19.0,244500,0.0,0.0
538,RUPANYUP,1.0,19.0,69500,3388.0,1.0
539,SKIPTON,1.0,19.0,187500,3361.0,1.0
540,EDENHOPE,2.0,18.0,160000,3318.0,1.0
541,DENNINGTON,1.0,18.0,345000,3280.0,3.0
542,WAHGUNYAH,1.0,18.0,270000,0.0,0.0
543,LOCKINGTON,1.0,18.0,149000,0.0,0.0
544,LENEVA,1.0,17.0,397500,0.0,0.0
545,POOWONG,1.0,16.0,286000,0.0,0.0
546,SEA LAKE,2.0,16.0,70000,3533.0,1.0
547,MERRIGUM,1.0,15.0,135000,0.0,0.0
548,MARLO,1.0,15.0,432500,3888.0,1.0
549,TUNGAMAH,1.0,15.0,162000,0.0,0.0
550,JAMIESON,1.0,13.0,266500,0.0,0.0
551,TYLDEN,1.0,12.0,412500,3444.0,1.0
552,NATIMUK,1.0,12.0,250000,0.0,0.0
553,THE PATCH,2.0,11.0,665000,0.0,0.0
554,CHEWTON,1.0,11.0,316000,0.0,0.0
555,WILLAURA,1.0,10.0,100000,3379.0,1.0
556,LISMORE,1.0,9.0,155000,0.0,0.0
557,COBURG EAST,1.0,9.0,865000,0.0,0.0
558,HARRIETVILLE,1.0,5.0,420000,3741.0,1.0
559,PORTLAND NORTH,1.0,4.0,365000,3305.0,1.0
560,LARA LAKE,1.0,4.0,450500,0.0,0.0
561,HEPBURN,1.0,3.0,435000,0.0,0.0
562,LAH,0.0,0.0,0,3393.0,1.0
563,WILKUR,0.0,0.0,0,3393.0,1.0
564,WILLENABRINA,0.0,0.0,0,3393.0,1.0
565,AILSA,0.0,0.0,0,3393.0,1.0
566,ANGIP,0.0,0.0,0,3393.0,1.0
567,AUBREY,0.0,0.0,0,3393.0,1.0
568,BANGERANG,0.0,0.0,0,3393.0,1.0
569,CANNUM,0.0,0.0,0,3393.0,1.0
570,CRYMELON,0.0,0.0,0,3393.0,1.0
571,KELLALAC,0.0,0.0,0,3393.0,1.0
572,HOPEVALE,0.0,0.0,0,3396.0,1.0
573,YARTO,0.0,0.0,0,3396.0,1.0
574,BRIMPAEN,0.0,0.0,0,3400.0,1.0
575,HORSHAM WEST,0.0,0.0,0,3400.0,1.0
576,ST HELENS PLAINS,0.0,0.0,0,3400.0,1.0
577,WARTOOK,0.0,0.0,0,3400.0,1.0
578,WONWONDAH EAST,0.0,0.0,0,3400.0,1.0
579,WONWONDAH SOUTH,0.0,0.0,0,3400.0,1.0
580,ANTWERP,0.0,0.0,0,3414.0,1.0
581,TARRANYURK,0.0,0.0,0,3414.0,1.0
582,WAIL,0.0,0.0,0,3414.0,1.0
583,BROUGHTON,0.0,0.0,0,3418.0,1.0
584,GERANG GERUNG,0.0,0.0,0,3418.0,1.0
585,GLENLEE,0.0,0.0,0,3418.0,1.0
586,KIATA,0.0,0.0,0,3418.0,1.0
587,LAWLOIT,0.0,0.0,0,3418.0,1.0
588,LITTLE DESERT,0.0,0.0,0,3418.0,1.0
589,LORQUON,0.0,0.0,0,3418.0,1.0
590,NETHERBY,0.0,0.0,0,3418.0,1.0
591,YANAC,0.0,0.0,0,3418.0,1.0
592,LAKE HINDMARSH,0.0,0.0,0,3423.0,1.0
593,ALBACUTYA,0.0,0.0,0,3424.0,1.0
594,RAINBOW,0.0,0.0,0,3424.0,1.0
595,YAAPEET,0.0,0.0,0,3424.0,1.0
596,WILDWOOD,0.0,0.0,0,3429.0,2.0
597,BARFOLD,0.0,0.0,0,3444.0,1.0
598,BAYNTON,0.0,0.0,0,3444.0,1.0
599,BAYNTON EAST,0.0,0.0,0,3444.0,1.0
600,EDGECOMBE,0.0,0.0,0,3444.0,1.0
601,GLENHOPE,0.0,0.0,0,3444.0,1.0
602,GREENHILL,0.0,0.0,0,3444.0,1.0
603,KYNETON SOUTH,0.0,0.0,0,3444.0,1.0
604,LANGLEY,0.0,0.0,0,3444.0,1.0
605,LAURISTON,0.0,0.0,0,3444.0,1.0
606,LYAL,0.0,0.0,0,3444.0,1.0
607,METCALFE EAST,0.0,0.0,0,3444.0,1.0
608,MIA MIA,0.0,0.0,0,3444.0,1.0
609,MYRTLE CREEK,0.0,0.0,0,3444.0,1.0
610,PASTORIA,0.0,0.0,0,3444.0,1.0
611,PASTORIA EAST,0.0,0.0,0,3444.0,1.0
612,PIPERS CREEK,0.0,0.0,0,3444.0,1.0
613,REDESDALE,0.0,0.0,0,3444.0,1.0
614,SIDONIA,0.0,0.0,0,3444.0,1.0
615,SPRING HILL,0.0,0.0,0,3444.0,1.0
616,TYLDEN SOUTH,0.0,0.0,0,3444.0,1.0
617,CHUTE,0.0,0.0,0,3373.0,1.0
618,CROSS ROADS,0.0,0.0,0,3373.0,1.0
619,LAKE GOLDSMITH,0.0,0.0,0,3373.0,1.0
620,LAKE WONGAN,0.0,0.0,0,3373.0,1.0
621,MAIN LEAD,0.0,0.0,0,3373.0,1.0
622,MENA PARK,0.0,0.0,0,3373.0,1.0
623,NERRING,0.0,0.0,0,3373.0,1.0
624,RAGLAN,0.0,0.0,0,3373.0,1.0
625,SHIRLEY,0.0,0.0,0,3373.0,1.0
626,STOCKYARD HILL,0.0,0.0,0,3373.0,1.0
627,STONELEIGH,0.0,0.0,0,3373.0,1.0
628,TRAWALLA,0.0,0.0,0,3373.0,1.0
629,WATERLOO,0.0,0.0,0,3373.0,1.0
630,AMPHITHEATRE,0.0,0.0,0,3377.0,1.0
631,ARARAT EAST,0.0,0.0,0,3377.0,1.0
632,ARMSTRONG,0.0,0.0,0,3377.0,1.0
633,BEN NEVIS,0.0,0.0,0,3377.0,1.0
634,CATHCART,0.0,0.0,0,3377.0,1.0
635,CROWLANDS,0.0,0.0,0,3377.0,1.0
636,DENICULL CREEK,0.0,0.0,0,3377.0,1.0
637,DOBIE,0.0,0.0,0,3377.0,1.0
638,DUNNEWORTHY,0.0,0.0,0,3377.0,1.0
639,EVERSLEY,0.0,0.0,0,3377.0,1.0
640,GREAT WESTERN,0.0,0.0,0,3377.0,1.0
641,JALLUKUR,0.0,0.0,0,3377.0,1.0
642,LANGI LOGAN,0.0,0.0,0,3377.0,1.0
643,MAROONA,0.0,0.0,0,3377.0,1.0
644,MOUNT COLE,0.0,0.0,0,3377.0,1.0
645,MOUNT COLE CREEK,0.0,0.0,0,3377.0,1.0
646,MOUNT LONARCH,0.0,0.0,0,3377.0,1.0
647,MOYSTON,0.0,0.0,0,3377.0,1.0
648,NORVAL,0.0,0.0,0,3377.0,1.0
649,RHYMNEY,0.0,0.0,0,3377.0,1.0
650,ROCKY POINT,0.0,0.0,0,3377.0,1.0
651,ROSSBRIDGE,0.0,0.0,0,3377.0,1.0
652,WARRAK,0.0,0.0,0,3377.0,1.0
653,BERRAMBOOL,0.0,0.0,0,3379.0,1.0
654,BORNES HILL,0.0,0.0,0,3379.0,1.0
655,CHATSWORTH,0.0,0.0,0,3379.0,1.0
656,MAFEKING,0.0,0.0,0,3379.0,1.0
657,STAVELY,0.0,0.0,0,3379.0,1.0
658,WATGANIA,0.0,0.0,0,3379.0,1.0
659,WICKLIFFE,0.0,0.0,0,3379.0,1.0
660,WILLAURA NORTH,0.0,0.0,0,3379.0,1.0
661,BELLELLEN,0.0,0.0,0,3380.0,1.0
662,BRIDGE INN,0.0,0.0,0,3380.0,1.0
663,MOKEPILLY,0.0,0.0,0,3380.0,1.0
664,STAWELL WEST,0.0,0.0,0,3380.0,1.0
665,WINJALLOK,0.0,0.0,0,3380.0,1.0
666,BANYENA,0.0,0.0,0,3388.0,1.0
667,MOUNT WALLACE,0.0,0.0,0,3342.0,1.0
668,BEREMBOKE,0.0,0.0,0,3342.0,1.0
669,BLAKEVILLE,0.0,0.0,0,3342.0,1.0
670,BUNDING,0.0,0.0,0,3342.0,1.0
671,COLBROOK,0.0,0.0,0,3342.0,1.0
672,DURDIDWARRAH,0.0,0.0,0,3342.0,1.0
673,FISKVILLE,0.0,0.0,0,3342.0,1.0
674,INGLISTON,0.0,0.0,0,3342.0,1.0
675,BAKERY HILL,0.0,0.0,0,3350.0,4.0
676,BALLARAT,0.0,0.0,0,3350.0,4.0
677,BALLARAT CENTRAL,0.0,0.0,0,3350.0,4.0
678,BALLARAT WEST,0.0,0.0,0,3350.0,4.0
679,BLACK HILL,0.0,0.0,0,3350.0,4.0
680,BROWN HILL,0.0,0.0,0,3350.0,4.0
681,CANADIAN,0.0,0.0,0,3350.0,4.0
682,EUREKA,0.0,0.0,0,3350.0,4.0
683,GOLDEN POINT,0.0,0.0,0,3350.0,4.0
684,GOLDEN POINT,0.0,0.0,0,3465.0,1.0
685,INVERMAY PARK,0.0,0.0,0,3350.0,4.0
686,MOUNT HELEN,0.0,0.0,0,3350.0,4.0
687,MOUNT PLEASANT,0.0,0.0,0,3350.0,4.0
688,NERRINA,0.0,0.0,0,3350.0,4.0
689,NEWINGTON,0.0,0.0,0,3350.0,4.0
690,SOVEREIGN HILL,0.0,0.0,0,3350.0,4.0
691,MITCHELL PARK,0.0,0.0,0,3355.0,1.0
692,WENDOUREE VILLAGE,0.0,0.0,0,3355.0,1.0
693,BRADVALE,0.0,0.0,0,3361.0,1.0
694,CARRANBALLAC,0.0,0.0,0,3361.0,1.0
695,CRESWICK NORTH,0.0,0.0,0,3363.0,1.0
696,GLENDARUEL,0.0,0.0,0,3363.0,1.0
697,LANGDONS HILL,0.0,0.0,0,3363.0,1.0
698,MOUNT BECKWORTH,0.0,0.0,0,3363.0,1.0
699,TOURELLO,0.0,0.0,0,3363.0,1.0
700,MYAMYN,0.0,0.0,0,3304.0,1.0
701,WINNAP,0.0,0.0,0,3304.0,1.0
702,BESSIEBELLE,0.0,0.0,0,3304.0,1.0
703,DARTMOOR,0.0,0.0,0,3304.0,1.0
704,DRIK DRIK,0.0,0.0,0,3304.0,1.0
705,DRUMBORG,0.0,0.0,0,3304.0,1.0
706,GREENWALD,0.0,0.0,0,3304.0,1.0
707,HOMERTON,0.0,0.0,0,3304.0,1.0
708,LYONS,0.0,0.0,0,3304.0,1.0
709,MILLTOWN,0.0,0.0,0,3304.0,1.0
710,MUMBANNAR,0.0,0.0,0,3304.0,1.0
711,ALLESTREE,0.0,0.0,0,3305.0,1.0
712,BOLWARRA,0.0,0.0,0,3305.0,1.0
713,CAPE BRIDGEWATER,0.0,0.0,0,3305.0,1.0
714,CASHMORE,0.0,0.0,0,3305.0,1.0
715,DUTTON WAY,0.0,0.0,0,3305.0,1.0
716,GORAE,0.0,0.0,0,3305.0,1.0
717,GORAE WEST,0.0,0.0,0,3305.0,1.0
718,HEATHMERE,0.0,0.0,0,3305.0,1.0
719,MOUNT RICHMOND,0.0,0.0,0,3305.0,1.0
720,PORTLAND WEST,0.0,0.0,0,3305.0,1.0
721,CORNDALE,0.0,0.0,0,3311.0,1.0
722,HEATH FIELD,0.0,0.0,0,3311.0,1.0
723,PURALKA,0.0,0.0,0,3311.0,1.0
724,BRIT BRIT,0.0,0.0,0,3315.0,1.0
725,CLOVER FLAT,0.0,0.0,0,3315.0,1.0
726,COOJAR,0.0,0.0,0,3315.0,1.0
727,CULLA,0.0,0.0,0,3315.0,1.0
728,GRINGEGALGONA,0.0,0.0,0,3315.0,1.0
729,GRITJURK,0.0,0.0,0,3315.0,1.0
730,HILGAY,0.0,0.0,0,3315.0,1.0
731,KONONGWOOTONG,0.0,0.0,0,3315.0,1.0
732,MELVILLE FOREST,0.0,0.0,0,3315.0,1.0
733,NAREEN,0.0,0.0,0,3315.0,1.0
734,PARKWOOD,0.0,0.0,0,3315.0,1.0
735,PASCHENDALE,0.0,0.0,0,3315.0,1.0
736,TAHARA BRIDGE,0.0,0.0,0,3315.0,1.0
737,TARRAYOUKYAN,0.0,0.0,0,3315.0,1.0
738,TARRENLEA,0.0,0.0,0,3315.0,1.0
739,WOOTONG VALE,0.0,0.0,0,3315.0,1.0
740,CHARAM,0.0,0.0,0,3318.0,1.0
741,CONNEWIRRICOO,0.0,0.0,0,3318.0,1.0
742,JALLAKIN,0.0,0.0,0,3318.0,1.0
743,KADNOOK,0.0,0.0,0,3318.0,1.0
744,LANGKOOP,0.0,0.0,0,3318.0,1.0
745,MEEREEK,0.0,0.0,0,3318.0,1.0
746,PATYAH,0.0,0.0,0,3318.0,1.0
747,ULLSWATER,0.0,0.0,0,3318.0,1.0
748,KURUNJANG,0.0,0.0,0,3337.0,1.0
749,TOOLERN VALE,0.0,0.0,0,3337.0,1.0
750,BALLIANG,0.0,0.0,0,3340.0,1.0
751,BALLIANG EAST,0.0,0.0,0,3340.0,1.0
752,COIMADAI,0.0,0.0,0,3340.0,1.0
753,DARLEY,0.0,0.0,0,3340.0,1.0
754,GLENMORE,0.0,0.0,0,3340.0,1.0
755,HOPETOUN PARK,0.0,0.0,0,3340.0,1.0
756,LONG FOREST,0.0,0.0,0,3340.0,1.0
757,MADDINGLEY,0.0,0.0,0,3340.0,1.0
758,MERRIMU,0.0,0.0,0,3340.0,1.0
759,PARWAN,0.0,0.0,0,3340.0,1.0
760,ROWSLEY,0.0,0.0,0,3340.0,1.0
761,AYRFORD,0.0,0.0,0,3268.0,1.0
762,BRUCKNELL,0.0,0.0,0,3268.0,1.0
763,COORIEMUNGLE,0.0,0.0,0,3268.0,1.0
764,COWLEYS CREEK,0.0,0.0,0,3268.0,1.0
765,CURDIE VALE,0.0,0.0,0,3268.0,1.0
766,CURDIES RIVER,0.0,0.0,0,3268.0,1.0
767,HEYTESBURY LOWER,0.0,0.0,0,3268.0,1.0
768,NEWFIELD,0.0,0.0,0,3268.0,1.0
769,NIRRANDA,0.0,0.0,0,3268.0,1.0
770,NIRRANDA EAST,0.0,0.0,0,3268.0,1.0
771,NIRRANDA SOUTH,0.0,0.0,0,3268.0,1.0
772,NULLAWARRE,0.0,0.0,0,3268.0,1.0
773,NULLAWARRE EAST,0.0,0.0,0,3268.0,1.0
774,PAARATTE,0.0,0.0,0,3268.0,1.0
775,THE COVE,0.0,0.0,0,3268.0,1.0
776,TIMBOON WEST,0.0,0.0,0,3268.0,1.0
777,MINJAH,0.0,0.0,0,3280.0,3.0
778,WARRNAMBOOL EAST,0.0,0.0,0,3280.0,3.0
779,WARRNAMBOOL WEST,0.0,0.0,0,3280.0,3.0
780,ORFORD,0.0,0.0,0,3284.0,1.0
781,GAZETTE,0.0,0.0,0,3289.0,1.0
782,PURDEET,0.0,0.0,0,3289.0,1.0
783,TABOR,0.0,0.0,0,3289.0,1.0
784,BYADUK NORTH,0.0,0.0,0,3300.0,1.0
785,BIG HILL,0.0,0.0,0,3232.0,1.0
786,BIG HILL,0.0,0.0,0,3555.0,1.0
787,LORNE,0.0,0.0,0,3232.0,1.0
788,CAPE OTWAY,0.0,0.0,0,3233.0,1.0
789,MARENGO,0.0,0.0,0,3233.0,1.0
790,PETTICOAT CREEK,0.0,0.0,0,3233.0,1.0
791,SKENES CREEK,0.0,0.0,0,3233.0,1.0
792,SKENES CREEK NORTH,0.0,0.0,0,3233.0,1.0
793,BAMBRA,0.0,0.0,0,3241.0,1.0
794,OMBERSLEY,0.0,0.0,0,3241.0,1.0
795,WENSLEYDALE,0.0,0.0,0,3241.0,1.0
796,WINCHELSEA SOUTH,0.0,0.0,0,3241.0,1.0
797,WURDIBOLUC,0.0,0.0,0,3241.0,1.0
798,COLAC EAST,0.0,0.0,0,3250.0,1.0
799,COLAC WEST,0.0,0.0,0,3250.0,1.0
800,ELLIMINYT,0.0,0.0,0,3250.0,1.0
801,BOOKAAR,0.0,0.0,0,3260.0,1.0
802,BOSTOCKS CREEK,0.0,0.0,0,3260.0,1.0
803,BUNGADOR,0.0,0.0,0,3260.0,1.0
804,CARPENDEIT,0.0,0.0,0,3260.0,1.0
805,CHOCOLYN,0.0,0.0,0,3260.0,1.0
806,GNOTUK,0.0,0.0,0,3260.0,1.0
807,KARIAH,0.0,0.0,0,3260.0,1.0
808,KOALLAH,0.0,0.0,0,3260.0,1.0
809,LESLIE MANOR,0.0,0.0,0,3260.0,1.0
810,POMBORNEIT,0.0,0.0,0,3260.0,1.0
811,POMBORNEIT NORTH,0.0,0.0,0,3260.0,1.0
812,SKIBO,0.0,0.0,0,3260.0,1.0
813,SOUTH PURRUMBETE,0.0,0.0,0,3260.0,1.0
814,STONYFORD,0.0,0.0,0,3260.0,1.0
815,TANDAROOK,0.0,0.0,0,3260.0,1.0
816,TESBURY,0.0,0.0,0,3260.0,1.0
817,WEERITE,0.0,0.0,0,3260.0,1.0
818,BANGHOLME,0.0,0.0,0,3175.0,5.0
819,DANDENONG EAST,0.0,0.0,0,3175.0,5.0
820,DANDENONG SOUTH,0.0,0.0,0,3175.0,5.0
821,DUNEARN,0.0,0.0,0,3175.0,5.0
822,PRAHRAN,0.0,0.0,0,3181.0,4.0
823,PRAHRAN EAST,0.0,0.0,0,3181.0,4.0
824,BALACLAVA,0.0,0.0,0,3183.0,2.0
825,BRIGHTON ROAD,0.0,0.0,0,3184.0,1.0
826,GARDENVALE,0.0,0.0,0,3185.0,2.0
827,RIPPONLEA,0.0,0.0,0,3185.0,2.0
828,BRIGHTON NORTH,0.0,0.0,0,3186.0,4.0
829,DENDY,0.0,0.0,0,3186.0,4.0
830,WERE STREET PO,0.0,0.0,0,3186.0,4.0
831,HAMPTON EAST,0.0,0.0,0,3188.0,1.0
832,HAMPTON NORTH,0.0,0.0,0,3188.0,1.0
833,MOORABBIN EAST,0.0,0.0,0,3189.0,1.0
834,WISHART,0.0,0.0,0,3189.0,1.0
835,CHELTENHAM EAST,0.0,0.0,0,3192.0,1.0
836,CHELTENHAM NORTH,0.0,0.0,0,3192.0,1.0
837,SOUTHLAND CENTRE,0.0,0.0,0,3192.0,1.0
838,BRAESIDE,0.0,0.0,0,3195.0,1.0
839,MORDIALLOC NORTH,0.0,0.0,0,3195.0,1.0
840,WATERWAYS,0.0,0.0,0,3195.0,1.0
841,FRANKSTON EAST,0.0,0.0,0,3199.0,7.0
842,FRANKSTON HEIGHTS,0.0,0.0,0,3199.0,7.0
843,KARINGAL,0.0,0.0,0,3199.0,7.0
844,KARINGAL CENTRE,0.0,0.0,0,3199.0,7.0
845,HEATHERTON,0.0,0.0,0,3202.0,1.0
846,PATTERSON,0.0,0.0,0,3204.0,2.0
847,BELL PARK,0.0,0.0,0,3215.0,1.0
848,BELL POST HILL,0.0,0.0,0,3215.0,1.0
849,DRUMCONDRA,0.0,0.0,0,3215.0,1.0
850,GEELONG NORTH,0.0,0.0,0,3215.0,1.0
851,NORTH GEELONG,0.0,0.0,0,3215.0,1.0
852,RIPPLESIDE,0.0,0.0,0,3215.0,1.0
853,FRESHWATER CREEK,0.0,0.0,0,3216.0,1.0
854,GROVEDALE EAST,0.0,0.0,0,3216.0,1.0
855,MARSHALL,0.0,0.0,0,3216.0,1.0
856,WANDANA HEIGHTS,0.0,0.0,0,3216.0,1.0
857,WAURN PONDS,0.0,0.0,0,3216.0,1.0
858,BREAKWATER,0.0,0.0,0,3219.0,1.0
859,EAST GEELONG,0.0,0.0,0,3219.0,1.0
860,ST ALBANS PARK,0.0,0.0,0,3219.0,1.0
861,THOMSON,0.0,0.0,0,3219.0,1.0
862,BAREENA,0.0,0.0,0,3220.0,5.0
863,NEWTOWN,0.0,0.0,0,3220.0,5.0
864,SOUTH GEELONG,0.0,0.0,0,3220.0,5.0
865,CAMBERWELL WEST,0.0,0.0,0,3124.0,1.0
866,HARTWELL,0.0,0.0,0,3124.0,1.0
867,MIDDLE CAMBERWELL,0.0,0.0,0,3124.0,1.0
868,CAMBERWELL NORTH,0.0,0.0,0,3124.0,1.0
869,CAMBERWELL SOUTH,0.0,0.0,0,3124.0,1.0
870,CAMBERWELL EAST,0.0,0.0,0,3126.0,2.0
871,BOX HILL CENTRAL,0.0,0.0,0,3128.0,3.0
872,HOUSTON,0.0,0.0,0,3128.0,3.0
873,WATTLE PARK,0.0,0.0,0,3128.0,3.0
874,LABURNUM,0.0,0.0,0,3130.0,1.0
875,BRENTFORD SQUARE,0.0,0.0,0,3131.0,2.0
876,MITCHAM NORTH,0.0,0.0,0,3132.0,2.0
877,RANGEVIEW,0.0,0.0,0,3132.0,2.0
878,WARRANDYTE SOUTH,0.0,0.0,0,3134.0,1.0
879,BEDFORD ROAD,0.0,0.0,0,3135.0,3.0
880,CROYDON NORTH,0.0,0.0,0,3136.0,1.0
881,CROYDON SOUTH,0.0,0.0,0,3136.0,1.0
882,HAWKSBURN,0.0,0.0,0,3142.0,1.0
883,KOOYONG,0.0,0.0,0,3144.0,5.0
884,MALVERN NORTH,0.0,0.0,0,3144.0,5.0
885,CENTRAL PARK,0.0,0.0,0,3145.0,1.0
886,DARLING,0.0,0.0,0,3145.0,1.0
887,DARLING SOUTH,0.0,0.0,0,3145.0,1.0
888,WATTLETREE ROAD PO,0.0,0.0,0,3145.0,1.0
889,PINEWOOD,0.0,0.0,0,3149.0,2.0
890,SYNDAL,0.0,0.0,0,3149.0,2.0
891,KNOX CITY CENTRE,0.0,0.0,0,3152.0,2.0
892,STUDFIELD,0.0,0.0,0,3152.0,2.0
893,BAYSWATER NORTH,0.0,0.0,0,3153.0,1.0
894,LYSTERFIELD SOUTH,0.0,0.0,0,3156.0,1.0
895,MOUNTAIN GATE,0.0,0.0,0,3156.0,1.0
896,CAULFIELD JUNCTION,0.0,0.0,0,3161.0,2.0
897,HOPETOUN GARDENS,0.0,0.0,0,3162.0,4.0
898,COATESVILLE,0.0,0.0,0,3165.0,1.0
899,NOTTING HILL,0.0,0.0,0,3168.0,6.0
900,WAVERLEY GARDENS,0.0,0.0,0,3170.0,1.0
901,SANDOWN VILLAGE,0.0,0.0,0,3171.0,2.0
902,NOBLE PARK EAST,0.0,0.0,0,3174.0,3.0
903,GHIN GHIN,0.0,0.0,0,3717.0,1.0
904,GLENBURN,0.0,0.0,0,3717.0,1.0
905,HOMEWOOD,0.0,0.0,0,3717.0,1.0
906,KILLINGWORTH,0.0,0.0,0,3717.0,1.0
907,LIMESTONE,0.0,0.0,0,3717.0,1.0
908,MURRINDINDI,0.0,0.0,0,3717.0,1.0
909,BARWITE,0.0,0.0,0,3722.0,1.0
910,MIRIMBAH,0.0,0.0,0,3722.0,1.0
911,BATHUMI,0.0,0.0,0,3730.0,1.0
912,BOOSEY,0.0,0.0,0,3730.0,1.0
913,BUNDALONG,0.0,0.0,0,3730.0,1.0
914,BUNDALONG SOUTH,0.0,0.0,0,3730.0,1.0
915,ESMOND,0.0,0.0,0,3730.0,1.0
916,TELFORD,0.0,0.0,0,3730.0,1.0
917,YARRAWONGA SOUTH,0.0,0.0,0,3730.0,1.0
918,ABBEYARD,0.0,0.0,0,3737.0,1.0
919,BARWIDGEE,0.0,0.0,0,3737.0,1.0
920,BUFFALO RIVER,0.0,0.0,0,3737.0,1.0
921,DANDONGADALE,0.0,0.0,0,3737.0,1.0
922,GAPSTED,0.0,0.0,0,3737.0,1.0
923,HAVILLAH,0.0,0.0,0,3737.0,1.0
924,MERRIANG,0.0,0.0,0,3737.0,1.0
925,MERRIANG SOUTH,0.0,0.0,0,3737.0,1.0
926,MUDGEGONGA,0.0,0.0,0,3737.0,1.0
927,NUG NUG,0.0,0.0,0,3737.0,1.0
928,ROSEWHITE,0.0,0.0,0,3737.0,1.0
929,FREEBURGH,0.0,0.0,0,3741.0,1.0
930,GERMANTOWN,0.0,0.0,0,3741.0,1.0
931,HOTHAM HEIGHTS,0.0,0.0,0,3741.0,1.0
932,MOUNT HOTHAM,0.0,0.0,0,3741.0,1.0
933,SMOKO,0.0,0.0,0,3741.0,1.0
934,BAARMUTHA,0.0,0.0,0,3747.0,1.0
935,HURDLE FLAT,0.0,0.0,0,3747.0,1.0
936,MURMUNGEE,0.0,0.0,0,3747.0,1.0
937,SILVER CREEK,0.0,0.0,0,3747.0,1.0
938,STANLEY,0.0,0.0,0,3747.0,1.0
939,WOOLSHED,0.0,0.0,0,3747.0,1.0
940,WOORAGEE,0.0,0.0,0,3747.0,1.0
941,WODONGA PLAZA,0.0,0.0,0,3690.0,2.0
942,BOGONG,0.0,0.0,0,3699.0,1.0
943,FALLS CREEK,0.0,0.0,0,3699.0,1.0
944,BULLIOH,0.0,0.0,0,3700.0,1.0
945,JARVIS CREEK,0.0,0.0,0,3700.0,1.0
946,TALLANGATTA EAST,0.0,0.0,0,3700.0,1.0
947,BIGGARA,0.0,0.0,0,3707.0,1.0
948,BRINGENBRONG,0.0,0.0,0,3707.0,1.0
949,COLAC COLAC,0.0,0.0,0,3707.0,1.0
950,THOWGLA VALLEY,0.0,0.0,0,3707.0,1.0
951,TOWONG,0.0,0.0,0,3707.0,1.0
952,TOWONG UPPER,0.0,0.0,0,3707.0,1.0
953,ACHERON,0.0,0.0,0,3714.0,1.0
954,CATHKIN,0.0,0.0,0,3714.0,1.0
955,CRYSTAL CREEK,0.0,0.0,0,3714.0,1.0
956,FAWCETT,0.0,0.0,0,3714.0,1.0
957,KORIELLA,0.0,0.0,0,3714.0,1.0
958,TAGGERTY,0.0,0.0,0,3714.0,1.0
959,DRUMANURE,0.0,0.0,0,3636.0,1.0
960,INVERGORDON,0.0,0.0,0,3636.0,1.0
961,NARING,0.0,0.0,0,3636.0,1.0
962,KOTUPNA,0.0,0.0,0,3638.0,1.0
963,YIELIMA,0.0,0.0,0,3638.0,1.0
964,BAROOGA,0.0,0.0,0,3644.0,1.0
965,COBRAM EAST,0.0,0.0,0,3644.0,1.0
966,KOONOOMOO,0.0,0.0,0,3644.0,1.0
967,MUCKATAH,0.0,0.0,0,3644.0,1.0
968,YARROWEYAH,0.0,0.0,0,3644.0,1.0
969,CAVEAT,0.0,0.0,0,3660.0,1.0
970,DROPMORE,0.0,0.0,0,3660.0,1.0
971,DYSART,0.0,0.0,0,3660.0,1.0
972,HIGHLANDS,0.0,0.0,0,3660.0,1.0
973,KERRISDALE,0.0,0.0,0,3660.0,1.0
974,KOBYBOYN,0.0,0.0,0,3660.0,1.0
975,NORTHWOOD,0.0,0.0,0,3660.0,1.0
976,SEYMOUR SOUTH,0.0,0.0,0,3660.0,1.0
977,TRAWOOL,0.0,0.0,0,3660.0,1.0
978,WHITEHEADS CREEK,0.0,0.0,0,3660.0,1.0
979,BALMATTUM,0.0,0.0,0,3666.0,1.0
980,CREIGHTON,0.0,0.0,0,3666.0,1.0
981,CREIGHTONS CREEK,0.0,0.0,0,3666.0,1.0
982,GOORAM,0.0,0.0,0,3666.0,1.0
983,KELVIN VIEW,0.0,0.0,0,3666.0,1.0
984,KITHBROOK,0.0,0.0,0,3666.0,1.0
985,MIEPOLL,0.0,0.0,0,3666.0,1.0
986,MOGLONEMBY,0.0,0.0,0,3666.0,1.0
987,MOLKA,0.0,0.0,0,3666.0,1.0
988,RIGGS CREEK,0.0,0.0,0,3666.0,1.0
989,RUFFY,0.0,0.0,0,3666.0,1.0
990,SHEANS CREEK,0.0,0.0,0,3666.0,1.0
991,STRATHBOGIE,0.0,0.0,0,3666.0,1.0
992,TARCOMBE,0.0,0.0,0,3666.0,1.0
993,BENALLA WEST,0.0,0.0,0,3672.0,1.0
994,APPIN PARK,0.0,0.0,0,3677.0,2.0
995,WANGARATTA WEST,0.0,0.0,0,3677.0,2.0
996,YARRUNGA,0.0,0.0,0,3677.0,2.0
997,LAKE MERAN,0.0,0.0,0,3579.0,1.0
998,MACORNA,0.0,0.0,0,3579.0,1.0
999,MEERING WEST,0.0,0.0,0,3579.0,1.0
1000,MILNES BRIDGE,0.0,0.0,0,3579.0,1.0
1001,MURRABIT,0.0,0.0,0,3579.0,1.0
1002,MURRABIT WEST,0.0,0.0,0,3579.0,1.0
1003,MYALL,0.0,0.0,0,3579.0,1.0
1004,MYSTIC PARK,0.0,0.0,0,3579.0,1.0
1005,NORMANVILLE,0.0,0.0,0,3579.0,1.0
1006,PINE VIEW,0.0,0.0,0,3579.0,1.0
1007,REEDY LAKE,0.0,0.0,0,3579.0,1.0
1008,SANDHILL LAKE,0.0,0.0,0,3579.0,1.0
1009,TEAL POINT,0.0,0.0,0,3579.0,1.0
1010,TRAGOWEL,0.0,0.0,0,3579.0,1.0
1011,WANDELLA,0.0,0.0,0,3579.0,1.0
1012,WESTBY,0.0,0.0,0,3579.0,1.0
1013,APPIN,0.0,0.0,0,3579.0,1.0
1014,APPIN SOUTH,0.0,0.0,0,3579.0,1.0
1015,BAEL BAEL,0.0,0.0,0,3579.0,1.0
1016,BENJEROOP,0.0,0.0,0,3579.0,1.0
1017,BUDGERUM EAST,0.0,0.0,0,3579.0,1.0
1018,CAPELS CROSSING,0.0,0.0,0,3579.0,1.0
1019,DINGWALL,0.0,0.0,0,3579.0,1.0
1020,EAST YEOBURN,0.0,0.0,0,3579.0,1.0
1021,FAIRLEY,0.0,0.0,0,3579.0,1.0
1022,GONN CROSSING,0.0,0.0,0,3579.0,1.0
1023,KERANG EAST,0.0,0.0,0,3579.0,1.0
1024,KOROOP,0.0,0.0,0,3579.0,1.0
1025,CASTLE DONNINGTON,0.0,0.0,0,3585.0,1.0
1026,CHILLINGOLLAH,0.0,0.0,0,3585.0,1.0
1027,FISH POINT,0.0,0.0,0,3585.0,1.0
1028,GOSCHEN,0.0,0.0,0,3585.0,1.0
1029,KUNAT,0.0,0.0,0,3585.0,1.0
1030,MEATIAN,0.0,0.0,0,3585.0,1.0
1031,MURRAY DOWNS,0.0,0.0,0,3585.0,1.0
1032,NOWIE,0.0,0.0,0,3585.0,1.0
1033,NYRRABY,0.0,0.0,0,3585.0,1.0
1034,PIRA,0.0,0.0,0,3585.0,1.0
1035,SPEEWA,0.0,0.0,0,3585.0,1.0
1036,SWAN HILL PIONEER,0.0,0.0,0,3585.0,1.0
1037,WINLATON,0.0,0.0,0,3585.0,1.0
1038,BAILIESTON,0.0,0.0,0,3608.0,1.0
1039,GOULBURN WEIR,0.0,0.0,0,3608.0,1.0
1040,GRAYTOWN,0.0,0.0,0,3608.0,1.0
1041,KIRWANS BRIDGE,0.0,0.0,0,3608.0,1.0
1042,MITCHELLSTOWN,0.0,0.0,0,3608.0,1.0
1043,WAHRING,0.0,0.0,0,3608.0,1.0
1044,WIRRATE,0.0,0.0,0,3608.0,1.0
1045,MOORA,0.0,0.0,0,3612.0,1.0
1046,WANALTA,0.0,0.0,0,3612.0,1.0
1047,WARANGA,0.0,0.0,0,3612.0,1.0
1048,WHROO,0.0,0.0,0,3612.0,1.0
1049,COOMA,0.0,0.0,0,3616.0,1.0
1050,GILLIESTON,0.0,0.0,0,3616.0,1.0
1051,GIRGARRE EAST,0.0,0.0,0,3616.0,1.0
1052,HARSTON,0.0,0.0,0,3616.0,1.0
1053,MOOROOPNA NORTH WEST,0.0,0.0,0,3616.0,1.0
1054,TATURA EAST,0.0,0.0,0,3616.0,1.0
1055,TOOLAMBA WEST,0.0,0.0,0,3616.0,1.0
1056,LANCASTER,0.0,0.0,0,3620.0,1.0
1057,MOUNT SCOBIE,0.0,0.0,0,3620.0,1.0
1058,ST GERMAINS,0.0,0.0,0,3620.0,1.0
1059,TARIPTA,0.0,0.0,0,3620.0,1.0
1060,WYUNA,0.0,0.0,0,3620.0,1.0
1061,WYUNA EAST,0.0,0.0,0,3620.0,1.0
1062,BENARCH,0.0,0.0,0,3630.0,2.0
1063,BRANDITT,0.0,0.0,0,3630.0,2.0
1064,CANIAMBO,0.0,0.0,0,3630.0,2.0
1065,COLLIVER,0.0,0.0,0,3630.0,2.0
1066,DUNKIRK,0.0,0.0,0,3630.0,2.0
1067,SHEPPARTON SOUTH,0.0,0.0,0,3630.0,2.0
1068,GOLDEN GULLY,0.0,0.0,0,3555.0,1.0
1069,LANSELL PLAZA,0.0,0.0,0,3555.0,1.0
1070,SPECIMEN HILL,0.0,0.0,0,3555.0,1.0
1071,BALLENDELLA,0.0,0.0,0,3561.0,1.0
1072,BAMAWM,0.0,0.0,0,3561.0,1.0
1073,BAMAWM EXTENSION,0.0,0.0,0,3561.0,1.0
1074,DIGGORA,0.0,0.0,0,3561.0,1.0
1075,DIGGORA WEST,0.0,0.0,0,3561.0,1.0
1076,FAIRY DELL,0.0,0.0,0,3561.0,1.0
1077,FAIRY DELL,0.0,0.0,0,3875.0,1.0
1078,NANNEELLA,0.0,0.0,0,3561.0,1.0
1079,ROCHESTER WEST,0.0,0.0,0,3561.0,1.0
1080,THE SETTLEMENT,0.0,0.0,0,3561.0,1.0
1081,TIMMERING,0.0,0.0,0,3561.0,1.0
1082,CAMPASPE WEST,0.0,0.0,0,3564.0,1.0
1083,ECHUCA EAST,0.0,0.0,0,3564.0,1.0
1084,ECHUCA SOUTH,0.0,0.0,0,3564.0,1.0
1085,ECHUCA VILLAGE,0.0,0.0,0,3564.0,1.0
1086,ECHUCA WEST,0.0,0.0,0,3564.0,1.0
1087,KANYAPELLA,0.0,0.0,0,3564.0,1.0
1088,MCEVOYS,0.0,0.0,0,3564.0,1.0
1089,PATHO,0.0,0.0,0,3564.0,1.0
1090,PATHO WEST,0.0,0.0,0,3564.0,1.0
1091,ROSLYNMEAD,0.0,0.0,0,3564.0,1.0
1092,SIMMIE,0.0,0.0,0,3564.0,1.0
1093,WHARPARILLA,0.0,0.0,0,3564.0,1.0
1094,BURKES BRIDGE,0.0,0.0,0,3568.0,1.0
1095,CULLEN,0.0,0.0,0,3568.0,1.0
1096,DALTONS BRIDGE,0.0,0.0,0,3568.0,1.0
1097,GANNAWARRA,0.0,0.0,0,3568.0,1.0
1098,KEELY,0.0,0.0,0,3568.0,1.0
1099,MACORNA NORTH,0.0,0.0,0,3568.0,1.0
1100,MCMILLANS,0.0,0.0,0,3568.0,1.0
1101,MEAD,0.0,0.0,0,3568.0,1.0
1102,MINCHA WEST,0.0,0.0,0,3568.0,1.0
1103,WEE WEE RUP,0.0,0.0,0,3568.0,1.0
1104,KURTING,0.0,0.0,0,3517.0,1.0
1105,POWLETT PLAINS,0.0,0.0,0,3517.0,1.0
1106,RHEOLA,0.0,0.0,0,3517.0,1.0
1107,SALISBURY WEST,0.0,0.0,0,3517.0,1.0
1108,SERPENTINE,0.0,0.0,0,3517.0,1.0
1109,BEARS LAGOON,0.0,0.0,0,3517.0,1.0
1110,BRENANAH,0.0,0.0,0,3517.0,1.0
1111,BULLABUL,0.0,0.0,0,3517.0,1.0
1112,GLENALBYN,0.0,0.0,0,3517.0,1.0
1113,JARKLIN,0.0,0.0,0,3517.0,1.0
1114,KINGOWER,0.0,0.0,0,3517.0,1.0
1115,ARGYLE,0.0,0.0,0,3523.0,1.0
1116,COSTERFIELD,0.0,0.0,0,3523.0,1.0
1117,DERRINAL,0.0,0.0,0,3523.0,1.0
1118,HEATHCOTE SOUTH,0.0,0.0,0,3523.0,1.0
1119,KNOWSLEY,0.0,0.0,0,3523.0,1.0
1120,LADYS PASS,0.0,0.0,0,3523.0,1.0
1121,MOORMBOOL WEST,0.0,0.0,0,3523.0,1.0
1122,MOUNT CAMEL,0.0,0.0,0,3523.0,1.0
1123,REDCASTLE,0.0,0.0,0,3523.0,1.0
1124,BARRAKEE,0.0,0.0,0,3525.0,1.0
1125,BUCKRABANYULE,0.0,0.0,0,3525.0,1.0
1126,JEFFCOTT,0.0,0.0,0,3525.0,1.0
1127,JEFFCOTT NORTH,0.0,0.0,0,3525.0,1.0
1128,LAKE MARMAL,0.0,0.0,0,3525.0,1.0
1129,NAREEWILLOCK,0.0,0.0,0,3525.0,1.0
1130,TEDDYWADDY,0.0,0.0,0,3525.0,1.0
1131,TEDDYWADDY WEST,0.0,0.0,0,3525.0,1.0
1132,TERRAPPEE,0.0,0.0,0,3525.0,1.0
1133,WOOROONOOK,0.0,0.0,0,3525.0,1.0
1134,WYCHITELLA,0.0,0.0,0,3525.0,1.0
1135,WYCHITELLA NORTH,0.0,0.0,0,3525.0,1.0
1136,YEUNGROON,0.0,0.0,0,3525.0,1.0
1137,YEUNGROON EAST,0.0,0.0,0,3525.0,1.0
1138,BUNGULUKE,0.0,0.0,0,3527.0,1.0
1139,DUMOSA,0.0,0.0,0,3527.0,1.0
1140,GLENLOTH,0.0,0.0,0,3527.0,1.0
1141,GLENLOTH EAST,0.0,0.0,0,3527.0,1.0
1142,THALIA,0.0,0.0,0,3527.0,1.0
1143,TOWANINNY,0.0,0.0,0,3527.0,1.0
1144,TOWANINNY SOUTH,0.0,0.0,0,3527.0,1.0
1145,WYCHEPROOF SOUTH,0.0,0.0,0,3527.0,1.0
1146,BIMBOURIE,0.0,0.0,0,3533.0,1.0
1147,LAKE TYRRELL,0.0,0.0,0,3533.0,1.0
1148,MITTYACK,0.0,0.0,0,3533.0,1.0
1149,NANDALY,0.0,0.0,0,3533.0,1.0
1150,NINDA,0.0,0.0,0,3533.0,1.0
1151,NYARRIN,0.0,0.0,0,3533.0,1.0
1152,TYRRELL,0.0,0.0,0,3533.0,1.0
1153,TYRRELL DOWNS,0.0,0.0,0,3533.0,1.0
1154,BARRAPORT,0.0,0.0,0,3537.0,1.0
1155,BARRAPORT WEST,0.0,0.0,0,3537.0,1.0
1156,BOORT,0.0,0.0,0,3537.0,1.0
1157,CANARY ISLAND,0.0,0.0,0,3537.0,1.0
1158,CATUMNAL,0.0,0.0,0,3537.0,1.0
1159,GREDGWIN,0.0,0.0,0,3537.0,1.0
1160,LEAGHUR,0.0,0.0,0,3537.0,1.0
1161,MINMINDIE,0.0,0.0,0,3537.0,1.0
1162,YANDO,0.0,0.0,0,3537.0,1.0
1163,BOLTON,0.0,0.0,0,3546.0,1.0
1164,CHINKAPOOK,0.0,0.0,0,3546.0,1.0
1165,COCAMBA,0.0,0.0,0,3546.0,1.0
1166,MANANGATANG,0.0,0.0,0,3546.0,1.0
1167,TUROAR,0.0,0.0,0,3546.0,1.0
1168,WINNAMBOOL,0.0,0.0,0,3546.0,1.0
1169,ANNUELLO,0.0,0.0,0,3549.0,1.0
1170,BANNERTON,0.0,0.0,0,3549.0,1.0
1171,HAPPY VALLEY,0.0,0.0,0,3549.0,1.0
1172,LIPAROO,0.0,0.0,0,3549.0,1.0
1173,TOL TOL,0.0,0.0,0,3549.0,1.0
1174,WEMEN,0.0,0.0,0,3549.0,1.0
1175,BENDIGO SOUTH,0.0,0.0,0,3550.0,3.0
1176,DIAMOND HILL,0.0,0.0,0,3550.0,3.0
1177,EAST BENDIGO,0.0,0.0,0,3550.0,3.0
1178,FLORA HILL,0.0,0.0,0,3550.0,3.0
1179,IRONBARK,0.0,0.0,0,3550.0,3.0
1180,LONG GULLY,0.0,0.0,0,3550.0,3.0
1181,NORTH BENDIGO,0.0,0.0,0,3550.0,3.0
1182,SANDHURST EAST,0.0,0.0,0,3550.0,3.0
1183,SPRING GULLY,0.0,0.0,0,3550.0,3.0
1184,TYSONS REEF,0.0,0.0,0,3550.0,3.0
1185,WEST BENDIGO,0.0,0.0,0,3550.0,3.0
1186,AVON PLAINS,0.0,0.0,0,3478.0,1.0
1187,BEAZLEYS BRIDGE,0.0,0.0,0,3478.0,1.0
1188,BERRIMAL WEST,0.0,0.0,0,3478.0,1.0
1189,CARAPOOEE,0.0,0.0,0,3478.0,1.0
1190,CARAPOOEE WEST,0.0,0.0,0,3478.0,1.0
1191,COONOOER BRIDGE,0.0,0.0,0,3478.0,1.0
1192,COONOOER WEST,0.0,0.0,0,3478.0,1.0
1193,DARKBONEE,0.0,0.0,0,3478.0,1.0
1194,DOOBOOBETIC,0.0,0.0,0,3478.0,1.0
1195,ELBERTON,0.0,0.0,0,3478.0,1.0
1196,GOOROC,0.0,0.0,0,3478.0,1.0
1197,GOWAR EAST,0.0,0.0,0,3478.0,1.0
1198,GRE GRE,0.0,0.0,0,3478.0,1.0
1199,GRE GRE NORTH,0.0,0.0,0,3478.0,1.0
1200,GRE GRE SOUTH,0.0,0.0,0,3478.0,1.0
1201,KOOREH,0.0,0.0,0,3478.0,1.0
1202,MEDLYN,0.0,0.0,0,3478.0,1.0
1203,MITCHELLS HILL,0.0,0.0,0,3478.0,1.0
1204,MOOLERR,0.0,0.0,0,3478.0,1.0
1205,MOONAMBEL,0.0,0.0,0,3478.0,1.0
1206,PERCYDALE,0.0,0.0,0,3478.0,1.0
1207,REDBANK,0.0,0.0,0,3478.0,1.0
1208,SLATY CREEK,0.0,0.0,0,3478.0,1.0
1209,ST ARNAUD EAST,0.0,0.0,0,3478.0,1.0
1210,ST ARNAUD NORTH,0.0,0.0,0,3478.0,1.0
1211,STUART MILL,0.0,0.0,0,3478.0,1.0
1212,SUTHERLAND,0.0,0.0,0,3478.0,1.0
1213,SWANWATER,0.0,0.0,0,3478.0,1.0
1214,TANWOOD,0.0,0.0,0,3478.0,1.0
1215,TOTTINGTON,0.0,0.0,0,3478.0,1.0
1216,TRAYNORS LAGOON,0.0,0.0,0,3478.0,1.0
1217,TULKARA,0.0,0.0,0,3478.0,1.0
1218,WARRENMANG,0.0,0.0,0,3478.0,1.0
1219,YAWONG HILLS,0.0,0.0,0,3478.0,1.0
1220,AREEGRA,0.0,0.0,0,3480.0,1.0
1221,BANYENONG,0.0,0.0,0,3480.0,1.0
1222,BOOLITE,0.0,0.0,0,3480.0,1.0
1223,CARRON,0.0,0.0,0,3480.0,1.0
1224,COPE COPE,0.0,0.0,0,3480.0,1.0
1225,CORACK,0.0,0.0,0,3480.0,1.0
1226,CORACK EAST,0.0,0.0,0,3480.0,1.0
1227,LAEN,0.0,0.0,0,3480.0,1.0
1228,LAEN EAST,0.0,0.0,0,3480.0,1.0
1229,LAEN NORTH,0.0,0.0,0,3480.0,1.0
1230,LAKE BULOKE,0.0,0.0,0,3480.0,1.0
1231,LAWLER,0.0,0.0,0,3480.0,1.0
1232,LITCHFIELD,0.0,0.0,0,3480.0,1.0
1233,RICH AVON,0.0,0.0,0,3480.0,1.0
1234,RICH AVON EAST,0.0,0.0,0,3480.0,1.0
1235,RICH AVON WEST,0.0,0.0,0,3480.0,1.0
1236,SWANWATER WEST,0.0,0.0,0,3480.0,1.0
1237,BALLAPUR,0.0,0.0,0,3483.0,1.0
1238,BIRCHIP WEST,0.0,0.0,0,3483.0,1.0
1239,CURYO,0.0,0.0,0,3483.0,1.0
1240,JIL JIL,0.0,0.0,0,3483.0,1.0
1241,KARYRIE,0.0,0.0,0,3483.0,1.0
1242,KINNABULLA,0.0,0.0,0,3483.0,1.0
1243,MARLBED,0.0,0.0,0,3483.0,1.0
1244,NARRAPORT,0.0,0.0,0,3483.0,1.0
1245,REEDY DAM,0.0,0.0,0,3483.0,1.0
1246,WHIRILY,0.0,0.0,0,3483.0,1.0
1247,BOINKA,0.0,0.0,0,3490.0,1.0
1248,KULWIN,0.0,0.0,0,3490.0,1.0
1249,TORRITA,0.0,0.0,0,3490.0,1.0
1250,TUTYE,0.0,0.0,0,3490.0,1.0
1251,MILDURA EAST,0.0,0.0,0,3500.0,3.0
1252,MILDURA WEST,0.0,0.0,0,3500.0,3.0
1253,PARINGI,0.0,0.0,0,3500.0,3.0
1254,MOONLIGHT FLAT,0.0,0.0,0,3450.0,1.0
1255,MOONLIGHT FLAT,0.0,0.0,0,3465.0,1.0
1256,BASALT,0.0,0.0,0,3460.0,1.0
1257,BARINGHUP,0.0,0.0,0,3463.0,1.0
1258,BARINGHUP WEST,0.0,0.0,0,3463.0,1.0
1259,BRADFORD,0.0,0.0,0,3463.0,1.0
1260,EASTVILLE,0.0,0.0,0,3463.0,1.0
1261,LAANECOORIE,0.0,0.0,0,3463.0,1.0
1262,NEEREMAN,0.0,0.0,0,3463.0,1.0
1263,NUGGETTY,0.0,0.0,0,3463.0,1.0
1264,PERKINS REEF,0.0,0.0,0,3463.0,1.0
1265,PORCUPINE FLAT,0.0,0.0,0,3463.0,1.0
1266,SHELBOURNE,0.0,0.0,0,3463.0,1.0
1267,TARRENGOWER,0.0,0.0,0,3463.0,1.0
1268,WALMER,0.0,0.0,0,3463.0,1.0
1269,WOODSTOCK WEST,0.0,0.0,0,3463.0,1.0
1270,ADELAIDE LEAD,0.0,0.0,0,3465.0,1.0
1271,ALMA,0.0,0.0,0,3465.0,1.0
1272,BOWENVALE,0.0,0.0,0,3465.0,1.0
1273,BUNG BONG,0.0,0.0,0,3465.0,1.0
1274,COTSWOLD,0.0,0.0,0,3465.0,1.0
1275,CRAIGIE,0.0,0.0,0,3465.0,1.0
1276,DAISY HILL,0.0,0.0,0,3465.0,1.0
1277,FLAGSTAFF,0.0,0.0,0,3465.0,1.0
1278,HAVELOCK,0.0,0.0,0,3465.0,1.0
1279,HOMEBUSH,0.0,0.0,0,3465.0,1.0
1280,MAJORCA,0.0,0.0,0,3465.0,1.0
1281,MOOLORT,0.0,0.0,0,3465.0,1.0
1282,NATTE YALLOCK,0.0,0.0,0,3465.0,1.0
1283,RATHSCAR,0.0,0.0,0,3465.0,1.0
1284,RATHSCAR WEST,0.0,0.0,0,3465.0,1.0
1285,RODBOROUGH,0.0,0.0,0,3465.0,1.0
1286,SIMSON,0.0,0.0,0,3465.0,1.0
1287,TIMOR,0.0,0.0,0,3465.0,1.0
1288,TIMOR WEST,0.0,0.0,0,3465.0,1.0
1289,WAREEK,0.0,0.0,0,3465.0,1.0
1290,BET BET,0.0,0.0,0,3472.0,1.0
1291,BETLEY,0.0,0.0,0,3472.0,1.0
1292,BROMLEY,0.0,0.0,0,3472.0,1.0
1293,DUNLUCE,0.0,0.0,0,3472.0,1.0
1294,EDDINGTON,0.0,0.0,0,3472.0,1.0
1295,GOLDSBOROUGH,0.0,0.0,0,3472.0,1.0
1296,INKERMAN,0.0,0.0,0,3472.0,1.0
1297,MCINTYRE,0.0,0.0,0,3472.0,1.0
1298,MOLIAGUL,0.0,0.0,0,3472.0,1.0
1299,MOUNT HOOGHLY,0.0,0.0,0,3472.0,1.0
1300,BENNISON,0.0,0.0,0,3960.0,1.0
1301,BOOLARONG,0.0,0.0,0,3960.0,1.0
1302,FOSTER NORTH,0.0,0.0,0,3960.0,1.0
1303,GUNYAH,0.0,0.0,0,3960.0,1.0
1304,MOUNT BEST,0.0,0.0,0,3960.0,1.0
1305,RUMBUG,0.0,0.0,0,3960.0,1.0
1306,SHALLOW INLET,0.0,0.0,0,3960.0,1.0
1307,TIDAL RIVER,0.0,0.0,0,3960.0,1.0
1308,TURTONS CREEK,0.0,0.0,0,3960.0,1.0
1309,WILSONS PROMONTORY,0.0,0.0,0,3960.0,1.0
1310,WONGA,0.0,0.0,0,3960.0,1.0
1311,WOORARRA WEST,0.0,0.0,0,3960.0,1.0
1312,YANAKIE,0.0,0.0,0,3960.0,1.0
1313,ALBERTON,0.0,0.0,0,3971.0,1.0
1314,ALBERTON WEST,0.0,0.0,0,3971.0,1.0
1315,BALOOK,0.0,0.0,0,3971.0,1.0
1316,BAROMI,0.0,0.0,0,3971.0,1.0
1317,CALROSSIE,0.0,0.0,0,3971.0,1.0
1318,DEVON NORTH,0.0,0.0,0,3971.0,1.0
1319,GELLIONDALE,0.0,0.0,0,3971.0,1.0
1320,HIAWATHA,0.0,0.0,0,3971.0,1.0
1321,HUNTERSTON,0.0,0.0,0,3971.0,1.0
1322,JACK RIVER,0.0,0.0,0,3971.0,1.0
1323,LANGSBOROUGH,0.0,0.0,0,3971.0,1.0
1324,MACKS CREEK,0.0,0.0,0,3971.0,1.0
1325,MADALYA,0.0,0.0,0,3971.0,1.0
1326,MANNS BEACH,0.0,0.0,0,3971.0,1.0
1327,PORT ALBERT,0.0,0.0,0,3971.0,1.0
1328,ROBERTSONS BEACH,0.0,0.0,0,3971.0,1.0
1329,STACEYS BRIDGE,0.0,0.0,0,3971.0,1.0
1330,TARRA VALLEY,0.0,0.0,0,3971.0,1.0
1331,TARRAVILLE,0.0,0.0,0,3971.0,1.0
1332,WON WRON,0.0,0.0,0,3971.0,1.0
1333,CANNONS CREEK,0.0,0.0,0,3977.0,1.0
1334,CRANBOURNE SOUTH,0.0,0.0,0,3977.0,1.0
1335,CRANBOURNE WEST,0.0,0.0,0,3977.0,1.0
1336,DEVON MEADOWS,0.0,0.0,0,3977.0,1.0
1337,FIVE WAYS,0.0,0.0,0,3977.0,1.0
1338,JUNCTION VILLAGE,0.0,0.0,0,3977.0,1.0
1339,SKYE,0.0,0.0,0,3977.0,1.0
1340,BAYLES,0.0,0.0,0,3981.0,1.0
1341,CATANI,0.0,0.0,0,3981.0,1.0
1342,DALMORE,0.0,0.0,0,3981.0,1.0
1343,HEATH HILL,0.0,0.0,0,3981.0,1.0
1344,KOO WEE RUP NORTH,0.0,0.0,0,3981.0,1.0
1345,YANNATHAN,0.0,0.0,0,3981.0,1.0
1346,ANDERSON,0.0,0.0,0,3995.0,1.0
1347,ARCHIES CREEK,0.0,0.0,0,3995.0,1.0
1348,CAPE PATERSON,0.0,0.0,0,3995.0,1.0
1349,HARMERS HAVEN,0.0,0.0,0,3995.0,1.0
1350,HICKSBOROUGH,0.0,0.0,0,3995.0,1.0
1351,KILCUNDA,0.0,0.0,0,3995.0,1.0
1352,LANCE CREEK,0.0,0.0,0,3995.0,1.0
1353,NORTH WONTHAGGI,0.0,0.0,0,3995.0,1.0
1354,POWLETT RIVER,0.0,0.0,0,3995.0,1.0
1355,SOUTH DUDLEY,0.0,0.0,0,3995.0,1.0
1356,ST CLAIR,0.0,0.0,0,3995.0,1.0
1357,WATTLE BANK,0.0,0.0,0,3995.0,1.0
1358,WOOLAMAI,0.0,0.0,0,3995.0,1.0
1359,ANGLERS REST,0.0,0.0,0,3898.0,1.0
1360,BINGO,0.0,0.0,0,3898.0,1.0
1361,BINGO MUNJIE,0.0,0.0,0,3898.0,1.0
1362,BUNDARA,0.0,0.0,0,3898.0,1.0
1363,CASSILIS,0.0,0.0,0,3898.0,1.0
1364,COBUNGRA,0.0,0.0,0,3898.0,1.0
1365,DINNER PLAIN,0.0,0.0,0,3898.0,1.0
1366,GLEN VALLEY,0.0,0.0,0,3898.0,1.0
1367,GLEN WILLS,0.0,0.0,0,3898.0,1.0
1368,HINNOMUNJIE,0.0,0.0,0,3898.0,1.0
1369,OMEO,0.0,0.0,0,3898.0,1.0
1370,SHANNONVALE,0.0,0.0,0,3898.0,1.0
1371,ROSEBUD WEST,0.0,0.0,0,3940.0,2.0
1372,KARDELLA SOUTH,0.0,0.0,0,3950.0,1.0
1373,KORUMBURRA SOUTH,0.0,0.0,0,3950.0,1.0
1374,STRZELECKI,0.0,0.0,0,3950.0,1.0
1375,WHITELAW,0.0,0.0,0,3950.0,1.0
1376,BERRYS CREEK,0.0,0.0,0,3953.0,1.0
1377,BOOROOL,0.0,0.0,0,3953.0,1.0
1378,HALLSTON,0.0,0.0,0,3953.0,1.0
1379,KOOROOMAN,0.0,0.0,0,3953.0,1.0
1380,LEONGATHA NORTH,0.0,0.0,0,3953.0,1.0
1381,LEONGATHA SOUTH,0.0,0.0,0,3953.0,1.0
1382,MARDAN,0.0,0.0,0,3953.0,1.0
1383,MOUNT ECCLES,0.0,0.0,0,3953.0,1.0
1384,MOUNT ECCLES SOUTH,0.0,0.0,0,3953.0,1.0
1385,NERRENA,0.0,0.0,0,3953.0,1.0
1386,RUBY,0.0,0.0,0,3953.0,1.0
1387,TRIDA,0.0,0.0,0,3953.0,1.0
1388,WILD DOG VALLEY,0.0,0.0,0,3953.0,1.0
1389,BENGWORDEN,0.0,0.0,0,3875.0,1.0
1390,BROADLANDS,0.0,0.0,0,3875.0,1.0
1391,BULLUMWAAL,0.0,0.0,0,3875.0,1.0
1392,CALULU,0.0,0.0,0,3875.0,1.0
1393,CLIFTON CREEK,0.0,0.0,0,3875.0,1.0
1394,DEPTFORD,0.0,0.0,0,3875.0,1.0
1395,EAST BAIRNSDALE,0.0,0.0,0,3875.0,1.0
1396,ELLASWOOD,0.0,0.0,0,3875.0,1.0
1397,FLAGGY CREEK,0.0,0.0,0,3875.0,1.0
1398,FORGE CREEK,0.0,0.0,0,3875.0,1.0
1399,GOON NURE,0.0,0.0,0,3875.0,1.0
1400,GRANITE ROCK,0.0,0.0,0,3875.0,1.0
1401,HILLSIDE,0.0,0.0,0,3875.0,1.0
1402,HILLSIDE,0.0,0.0,0,3037.0,1.0
1403,HOLLANDS LANDING,0.0,0.0,0,3875.0,1.0
1404,IGUANA CREEK,0.0,0.0,0,3875.0,1.0
1405,LINDENOW SOUTH,0.0,0.0,0,3875.0,1.0
1406,LUCKNOW,0.0,0.0,0,3875.0,1.0
1407,MELWOOD,0.0,0.0,0,3875.0,1.0
1408,MERRIJIG,0.0,0.0,0,3875.0,1.0
1409,MOUNT TAYLOR,0.0,0.0,0,3875.0,1.0
1410,NEWLANDS ARM,0.0,0.0,0,3875.0,1.0
1411,SARSFIELD,0.0,0.0,0,3875.0,1.0
1412,TABBERABBERA,0.0,0.0,0,3875.0,1.0
1413,WALPA,0.0,0.0,0,3875.0,1.0
1414,WATERHOLES,0.0,0.0,0,3875.0,1.0
1415,WOODGLEN,0.0,0.0,0,3875.0,1.0
1416,WUK WUK,0.0,0.0,0,3875.0,1.0
1417,WY YUNG,0.0,0.0,0,3875.0,1.0
1418,BENDOC,0.0,0.0,0,3888.0,1.0
1419,BETE BOLONG,0.0,0.0,0,3888.0,1.0
1420,BETE BOLONG NORTH,0.0,0.0,0,3888.0,1.0
1421,BONANG,0.0,0.0,0,3888.0,1.0
1422,BRODRIBB RIVER,0.0,0.0,0,3888.0,1.0
1423,CABANANDRA,0.0,0.0,0,3888.0,1.0
1424,CAPE CONRAN,0.0,0.0,0,3888.0,1.0
1425,CORRINGLE,0.0,0.0,0,3888.0,1.0
1426,DELEGATE RIVER EAST,0.0,0.0,0,3888.0,1.0
1427,DELLICKNORA,0.0,0.0,0,3888.0,1.0
1428,GOONGERAH,0.0,0.0,0,3888.0,1.0
1429,HAYDENS BOG,0.0,0.0,0,3888.0,1.0
1430,JARRAHMOND,0.0,0.0,0,3888.0,1.0
1431,LOCHEND,0.0,0.0,0,3888.0,1.0
1432,MARTINS CREEK,0.0,0.0,0,3888.0,1.0
1433,NURRAN,0.0,0.0,0,3888.0,1.0
1434,OMEO VALLEY,0.0,0.0,0,3888.0,1.0
1435,SIMPSONS CREEK,0.0,0.0,0,3888.0,1.0
1436,TOSTAREE,0.0,0.0,0,3888.0,1.0
1437,TUBBUT,0.0,0.0,0,3888.0,1.0
1438,WAYGARA,0.0,0.0,0,3888.0,1.0
1439,WOMBAT CREEK,0.0,0.0,0,3888.0,1.0
1440,NEERIM,0.0,0.0,0,3831.0,1.0
1441,NEERIM EAST,0.0,0.0,0,3831.0,1.0
1442,DRIFFIELD,0.0,0.0,0,3840.0,1.0
1443,HAZELWOOD,0.0,0.0,0,3840.0,1.0
1444,HAZELWOOD NORTH,0.0,0.0,0,3840.0,1.0
1445,HAZELWOOD SOUTH,0.0,0.0,0,3840.0,1.0
1446,JEERALANG,0.0,0.0,0,3840.0,1.0
1447,JEERALANG JUNCTION,0.0,0.0,0,3840.0,1.0
1448,MARYVALE,0.0,0.0,0,3840.0,1.0
1449,MID VALLEY,0.0,0.0,0,3840.0,1.0
1450,MORWELL EAST,0.0,0.0,0,3840.0,1.0
1451,MORWELL UPPER,0.0,0.0,0,3840.0,1.0
1452,BLACKWARRY,0.0,0.0,0,3844.0,1.0
1453,CALLIGNEE,0.0,0.0,0,3844.0,1.0
1454,CALLIGNEE NORTH,0.0,0.0,0,3844.0,1.0
1455,CARRAJUNG,0.0,0.0,0,3844.0,1.0
1456,FLYNN,0.0,0.0,0,3844.0,1.0
1457,FLYNNS CREEK,0.0,0.0,0,3844.0,1.0
1458,KOORNALLA,0.0,0.0,0,3844.0,1.0
1459,LOY YANG,0.0,0.0,0,3844.0,1.0
1460,TRARALGON EAST,0.0,0.0,0,3844.0,1.0
1461,TRARALGON SOUTH,0.0,0.0,0,3844.0,1.0
1462,TYERS,0.0,0.0,0,3844.0,1.0
1463,WILLUNG SOUTH,0.0,0.0,0,3844.0,1.0
1464,GIFFARD,0.0,0.0,0,3850.0,1.0
1465,GUTHRIDGE,0.0,0.0,0,3850.0,1.0
1466,SALE NORTH,0.0,0.0,0,3850.0,1.0
1467,WURRUK,0.0,0.0,0,3850.0,1.0
1468,DAWSON,0.0,0.0,0,3858.0,1.0
1469,DENISON,0.0,0.0,0,3858.0,1.0
1470,GLEN FALLOCH,0.0,0.0,0,3858.0,1.0
1471,GLENMAGGIE,0.0,0.0,0,3858.0,1.0
1472,LICOLA,0.0,0.0,0,3858.0,1.0
1473,LICOLA NORTH,0.0,0.0,0,3858.0,1.0
1474,SEATON,0.0,0.0,0,3858.0,1.0
1475,TAMBORITHA,0.0,0.0,0,3858.0,1.0
1476,WINNINDOO,0.0,0.0,0,3858.0,1.0
1477,BOISDALE,0.0,0.0,0,3860.0,1.0
1478,BRIAGOLONG,0.0,0.0,0,3860.0,1.0
1479,BUSHY PARK,0.0,0.0,0,3860.0,1.0
1480,COONGULLA,0.0,0.0,0,3860.0,1.0
1481,NUNTIN,0.0,0.0,0,3860.0,1.0
1482,RIVERSLEA,0.0,0.0,0,3860.0,1.0
1483,VALENCIA CREEK,0.0,0.0,0,3860.0,1.0
1484,FORBES,0.0,0.0,0,3764.0,1.0
1485,GLENAROUA,0.0,0.0,0,3764.0,1.0
1486,HIGH CAMP,0.0,0.0,0,3764.0,1.0
1487,KILMORE EAST,0.0,0.0,0,3764.0,1.0
1488,MORANDING,0.0,0.0,0,3764.0,1.0
1489,TANTARABOO,0.0,0.0,0,3764.0,1.0
1490,WILLOWMAVIN,0.0,0.0,0,3764.0,1.0
1491,BADGER CREEK,0.0,0.0,0,3777.0,1.0
1492,CASTELLA,0.0,0.0,0,3777.0,1.0
1493,CHUM CREEK,0.0,0.0,0,3777.0,1.0
1494,HEALESVILLE MAIN STREET,0.0,0.0,0,3777.0,1.0
1495,HEALESVILLE POST SHOP,0.0,0.0,0,3777.0,1.0
1496,MOUNT TOOLEBEWONG,0.0,0.0,0,3777.0,1.0
1497,TOOLANGI,0.0,0.0,0,3777.0,1.0
1498,FOUNTAIN GATE,0.0,0.0,0,3805.0,1.0
1499,HARKAWAY,0.0,0.0,0,3806.0,7.0
1500,BONA VISTA,0.0,0.0,0,3820.0,1.0
1501,LILLICO,0.0,0.0,0,3820.0,1.0
1502,ALBURY,0.0,0.0,0,2640.0,1.0
1503,BUNGOWANNAH,0.0,0.0,0,2640.0,1.0
1504,EAST ALBURY,0.0,0.0,0,2640.0,1.0
1505,ETTAMOGAH,0.0,0.0,0,2640.0,1.0
1506,LAVINGTON DC,0.0,0.0,0,2640.0,1.0
1507,MOORWATHA,0.0,0.0,0,2640.0,1.0
1508,NORTH ALBURY,0.0,0.0,0,2640.0,1.0
1509,OURNIE,0.0,0.0,0,2640.0,1.0
1510,SOUTH ALBURY,0.0,0.0,0,2640.0,1.0
1511,SPLITTERS CREEK,0.0,0.0,0,2640.0,1.0
1512,TABLE TOP,0.0,0.0,0,2640.0,1.0
1513,TALMALMO,0.0,0.0,0,2640.0,1.0
1514,THURGOONA,0.0,0.0,0,2640.0,1.0
1515,WEST ALBURY,0.0,0.0,0,2640.0,1.0
1516,WIRLINGA,0.0,0.0,0,2640.0,1.0
1517,WYMAH,0.0,0.0,0,2640.0,1.0
1518,BRUNSWICK LOWER,0.0,0.0,0,3056.0,1.0
1519,BRUNSWICK NORTH,0.0,0.0,0,3056.0,1.0
1520,BATMAN,0.0,0.0,0,3058.0,2.0
1521,COBURG NORTH,0.0,0.0,0,3058.0,2.0
1522,MERLYNSTON,0.0,0.0,0,3058.0,2.0
1523,MORELAND,0.0,0.0,0,3058.0,2.0
1524,DONNYBROOK,0.0,0.0,0,3064.0,1.0
1525,KALKALLO,0.0,0.0,0,3064.0,1.0
1526,GILBERTON,0.0,0.0,0,3072.0,1.0
1527,NORTHLAND CENTRE,0.0,0.0,0,3072.0,1.0
1528,PRESTON LOWER,0.0,0.0,0,3072.0,1.0
1529,PRESTON SOUTH,0.0,0.0,0,3072.0,1.0
1530,PRESTON WEST,0.0,0.0,0,3072.0,1.0
1531,REGENT WEST,0.0,0.0,0,3072.0,1.0
1532,SYLVESTER,0.0,0.0,0,3072.0,1.0
1533,KEON PARK,0.0,0.0,0,3073.0,1.0
1534,RESERVOIR EAST,0.0,0.0,0,3073.0,1.0
1535,RESERVOIR NORTH,0.0,0.0,0,3073.0,1.0
1536,RESERVOIR SOUTH,0.0,0.0,0,3073.0,1.0
1537,EPPING DC,0.0,0.0,0,3076.0,2.0
1538,IVANHOE NORTH,0.0,0.0,0,3079.0,2.0
1539,BELLFIELD,0.0,0.0,0,3081.0,2.0
1540,HEIDELBERG HEIGHTS,0.0,0.0,0,3081.0,2.0
1541,HEIDELBERG RGH,0.0,0.0,0,3081.0,2.0
1542,LA TROBE UNIVERSITY,0.0,0.0,0,3083.0,5.0
1543,BANYULE,0.0,0.0,0,3084.0,3.0
1544,EAGLEMONT,0.0,0.0,0,3084.0,3.0
1545,SAINT HELENA,0.0,0.0,0,3088.0,1.0
1546,COTHAM,0.0,0.0,0,3101.0,5.0
1547,DONCASTER HEIGHTS,0.0,0.0,0,3109.0,1.0
1548,THE PINES,0.0,0.0,0,3109.0,1.0
1549,TUNSTALL SQUARE PO,0.0,0.0,0,3109.0,1.0
1550,BURNLEY,0.0,0.0,0,3121.0,2.0
1551,CREMORNE,0.0,0.0,0,3121.0,2.0
1552,RICHMOND EAST,0.0,0.0,0,3121.0,2.0
1553,RICHMOND NORTH,0.0,0.0,0,3121.0,2.0
1554,RICHMOND SOUTH,0.0,0.0,0,3121.0,2.0
1555,VICTORIA GARDENS,0.0,0.0,0,3121.0,2.0
1556,AUBURN SOUTH,0.0,0.0,0,3122.0,2.0
1557,GLENFERRIE SOUTH,0.0,0.0,0,3122.0,2.0
1558,HAWTHORN NORTH,0.0,0.0,0,3122.0,2.0
1559,HAWTHORN WEST,0.0,0.0,0,3122.0,2.0
1560,AUBURN,0.0,0.0,0,3123.0,1.0
1561,MELBOURNE,0.0,0.0,0,3000.0,2.0
1562,MELBOURNE,0.0,0.0,0,3004.0,5.0
1563,EAST MELBOURNE,0.0,0.0,0,3002.0,10.0
1564,ST KILDA ROAD CENTRAL,0.0,0.0,0,3004.0,5.0
1565,DOCKLANDS,0.0,0.0,0,3008.0,1.0
1566,SEDDON,0.0,0.0,0,3011.0,8.0
1567,SEDDON WEST,0.0,0.0,0,3011.0,8.0
1568,SEAHOLME,0.0,0.0,0,3018.0,1.0
1569,GLENGALA,0.0,0.0,0,3020.0,1.0
1570,CHARTWELL,0.0,0.0,0,3030.0,4.0
1571,COCOROC,0.0,0.0,0,3030.0,4.0
1572,QUANDONG,0.0,0.0,0,3030.0,4.0
1573,WERRIBEE SOUTH,0.0,0.0,0,3030.0,4.0
1574,HIGHPOINT CITY,0.0,0.0,0,3032.0,1.0
1575,KEILOR NORTH,0.0,0.0,0,3036.0,1.0
1576,CALDER PARK,0.0,0.0,0,3037.0,1.0
1577,PLUMPTON,0.0,0.0,0,3037.0,1.0
1578,ESSENDON WEST,0.0,0.0,0,3040.0,1.0
1579,PASCOE VALE SOUTH,0.0,0.0,0,3044.0,1.0
1580,JACANA,0.0,0.0,0,3047.0,1.0
1581,HOTHAM HILL,0.0,0.0,0,3051.0,1.0
1582,MELBOURNE UNIVERSITY,0.0,0.0,0,3052.0,6.0
1583,CARLTON SOUTH,0.0,0.0,0,3053.0,2.0
